id,grade
6,C
9,E
17,E
23,B
25,A
26,C
36,B
48,D
51,D
52,C
56,E
65,D
109,C
117,B
125,B
166,C
170,C
184,C
187,A
191,C
216,B
223,A
240,A
248,B
278,A
284,B
285,A
301,A
302,D
305,D
320,B
328,C
338,B
345,C
354,D
355,D
365,B
369,A
375,E
382,D
385,B
393,A
410,B
411,B
413,C
434,E
437,F
438,B
445,A
460,D
464,A
473,D
489,D
501,C
508,C
531,B
539,B
546,E
548,B
574,D
613,C
622,C
634,B
635,D
637,D
658,B
659,C
660,C
675,D
682,C
692,F
698,C
714,D
715,C
723,A
728,D
732,A
735,A
756,B
780,A
787,A
795,D
801,C
804,B
816,D
822,A
841,A
858,B
860,C
866,B
879,C
880,B
885,D
892,A
918,E
932,B
934,B
937,B
954,A
962,B
985,B
986,B
997,B
1003,C
1005,B
1006,B
1057,E
1059,B
1066,C
1069,A
1074,C
1087,B
1122,A
1155,D
1167,B
1190,B
1192,C
1194,D
1207,A
1212,B
1218,E
1231,A
1238,A
1263,C
1269,C
1281,C
1286,D
1300,F
1307,A
1309,B
1319,C
1331,B
1336,B
1341,B
1353,C
1364,B
1390,A
1393,D
1406,C
1412,D
1419,C
1422,C
1432,D
1442,B
1448,B
1457,B
1466,A
1477,B
1481,A
1493,A
1497,B
1503,A
1514,C
1519,C
1529,B
1531,C
1559,A
1560,D
1562,B
1572,D
1586,F
1591,C
1599,D
1602,D
1623,C
1630,D
1641,C
1652,C
1657,C
1670,A
1683,C
1691,C
1696,C
1712,C
1715,C
1718,C
1725,C
1728,B
1735,A
1751,B
1763,D
1767,B
1787,B
1798,C
1808,C
1811,A
1821,D
1828,B
1842,B
1844,C
1859,A
1864,B
1870,E
1879,C
1883,A
1897,C
1902,B
1925,D
1927,C
1954,A
1971,A
1974,C
1991,C
2002,A
2008,A
2020,A
2024,E
2049,B
2051,A
2055,B
2058,A
2059,D
2060,A
2067,C
2074,B
2076,F
2080,C
2091,E
2099,C
2115,D
2116,C
2153,D
2175,C
2183,A
2189,C
2194,C
2196,B
2201,B
2216,B
2245,A
2276,D
2278,C
2281,C
2302,C
2313,B
2314,B
2319,D
2322,B
2324,C
2337,B
2340,B
2349,C
2353,A
2377,B
2379,F
2408,B
2417,D
2463,B
2476,B
2481,B
2482,D
2491,D
2497,B
2499,E
2503,C
2513,D
2515,C
2519,A
2526,B
2530,B
2534,D
2544,B
2545,B
2550,C
2554,B
2576,A
2584,C
2589,C
2595,D
2601,A
2611,F
2628,B
2633,D
2636,C
2637,B
2648,B
2649,C
2661,B
2666,B
2669,D
2686,C
2695,C
2706,A
2708,C
2749,B
2760,A
2765,B
2767,E
2778,D
2784,C
2785,C
2805,D
2807,E
2816,A
2823,D
2830,B
2867,C
2869,E
2880,A
2883,B
2891,A
2896,C
2919,B
2930,C
2950,E
2962,B
2973,B
2988,B
2995,C
3008,E
3026,B
3034,C
3039,C
3046,C
3049,C
3057,C
3066,C
3081,A
3108,B
3126,A
3129,C
3131,E
3133,B
3160,D
3163,C
3169,C
3171,A
3178,C
3200,B
3221,C
3237,C
3239,C
3241,E
3242,C
3243,E
3247,B
3261,D
3294,A
3295,A
3297,C
3311,D
3318,D
3340,B
3343,C
3348,D
3358,D
3368,B
3373,E
3380,B
3382,A
3383,C
3387,C
3391,A
3398,A
3427,D
3432,B
3437,B
3455,A
3462,A
3468,E
3473,F
3481,C
3483,B
3529,C
3536,C
3539,C
3549,A
3564,A
3570,B
3573,A
3582,B
3593,D
3596,C
3600,C
3613,A
3619,D
3634,B
3635,B
3644,A
3649,D
3664,D
3693,D
3694,B
3710,C
3729,D
3731,B
3739,C
3740,C
3741,B
3747,B
3768,C
3780,B
3786,C
3787,C
3834,A
3853,C
3854,A
3858,B
3870,A
3877,C
3884,E
3885,F
3890,D
3905,C
3909,B
3921,B
3942,A
3946,A
3948,A
3977,B
4017,C
4022,D
4025,A
4043,B
4064,B
4079,D
4083,E
4084,B
4088,A
4091,C
4094,B
4099,B
4100,C
4117,C
4119,B
4124,A
4127,A
4128,B
4140,A
4141,B
4167,D
4196,D
4199,B
4200,D
4216,A
4240,C
4241,A
4250,B
4268,D
4279,D
4292,B
4305,A
4320,D
4339,C
4341,B
4347,C
4356,A
4363,B
4368,E
4376,A
4391,B
4407,B
4414,C
4419,C
4421,A
4422,A
4425,A
4429,D
4432,A
4438,D
4439,B
4446,A
4448,C
4449,C
4463,C
4465,B
4467,B
4470,E
4475,A
4490,B
4507,E
4511,D
4517,D
4525,A
4534,B
4541,E
4549,A
4551,A
4561,B
4582,A
4589,B
4617,C
4626,C
4644,C
4655,A
4661,E
4663,A
4678,D
4681,B
4684,D
4689,C
4690,C
4707,C
4712,B
4714,A
4720,C
4725,C
4751,C
4761,B
4765,A
4770,C
4771,C
4782,B
4791,B
4800,C
4801,B
4836,C
4837,B
4842,A
4869,B
4894,B
4895,A
4904,C
4907,B
4918,C
4920,C
4927,A
4943,B
4948,E
4953,B
4982,A
4992,E
5013,C
5034,B
5044,B
5056,B
5058,A
5061,E
5074,D
5081,C
5088,B
5095,B
5099,A
5107,C
5112,C
5155,D
5159,F
5161,D
5183,B
5194,D
5203,B
5213,F
5214,B
5235,D
5280,A
5293,C
5302,F
5307,C
5320,B
5336,A
5348,B
5350,C
5359,D
5360,C
5379,E
5390,D
5399,B
5418,D
5422,B
5423,C
5424,B
5430,B
5439,A
5440,E
5442,D
5449,D
5480,B
5517,B
5528,B
5530,A
5539,B
5551,B
5573,D
5578,B
5582,C
5599,C
5600,C
5611,C
5613,B
5614,C
5616,D
5619,C
5646,A
5660,C
5668,B
5685,A
5691,B
5701,A
5711,B
5714,A
5717,C
5723,B
5731,C
5737,C
5749,B
5752,E
5757,B
5762,A
5771,A
5800,B
5803,C
5805,C
5807,A
5808,C
5818,B
5820,B
5844,D
5862,C
5877,C
5892,C
5898,C
5901,A
5902,D
5922,A
5930,B
5935,C
5937,B
5966,E
5976,D
6012,B
6016,C
6026,C
6033,E
6045,D
6051,B
6055,C
6062,B
6063,A
6069,D
6071,E
6079,C
6091,C
6107,C
6119,C
6122,C
6143,C
6147,C
6149,B
6166,B
6190,A
6196,D
6219,D
6224,D
6230,D
6237,B
6245,B
6259,C
6271,C
6307,A
6314,C
6322,C
6329,F
6354,D
6371,A
6469,B
6470,D
6472,C
6474,C
6484,E
6490,C
6495,B
6503,C
6505,C
6506,C
6534,A
6543,B
6549,C
6559,B
6561,C
6577,C
6594,A
6595,B
6596,B
6607,A
6611,B
6642,B
6649,B
6651,C
6671,B
6680,B
6682,F
6692,B
6697,B
6698,D
6703,B
6718,D
6719,A
6726,B
6736,C
6753,C
6770,B
6775,A
6783,C
6785,A
6795,B
6801,B
6807,C
6819,C
6835,A
6838,A
6846,A
6853,D
6858,B
6866,C
6887,A
6903,A
6916,A
6924,B
6937,D
6947,B
6952,A
6954,D
6973,E
6989,A
6998,A
7006,C
7016,C
7020,A
7040,C
7047,B
7048,B
7059,A
7067,C
7068,C
7076,A
7078,B
7086,C
7095,C
7110,C
7126,A
7133,B
7136,C
7138,A
7141,B
7164,B
7170,D
7172,A
7191,B
7192,B
7194,D
7222,A
7243,B
7244,C
7266,B
7286,D
7303,B
7306,D
7314,D
7322,A
7338,B
7341,E
7362,D
7384,D
7402,D
7407,A
7413,C
7456,B
7466,A
7471,D
7473,D
7476,D
7484,B
7526,C
7551,C
7576,C
7577,B
7579,C
7580,A
7587,B
7642,B
7647,C
7655,A
7659,C
7676,A
7677,A
7703,C
7715,A
7716,A
7721,D
7726,D
7742,C
7750,C
7770,A
7773,D
7777,B
7794,D
7803,D
7813,B
7829,C
7838,C
7849,B
7857,B
7864,E
7886,B
7887,A
7891,B
7892,A
7896,A
7903,D
7911,B
7913,A
7939,B
7949,D
7957,C
7965,E
7983,B
7989,B
8009,C
8011,F
8022,E
8032,D
8033,D
8036,C
8046,A
8070,B
8074,B
8091,C
8110,D
8113,D
8122,A
8127,A
8130,B
8153,A
8154,C
8158,C
8170,D
8174,C
8185,C
8196,B
8209,A
8243,B
8245,B
8247,E
8250,D
8258,D
8273,C
8296,B
8308,D
8309,D
8317,C
8320,B
8326,F
8328,B
8329,D
8337,A
8350,C
8355,E
8357,A
8363,C
8364,C
8373,C
8384,B
8391,A
8393,E
8408,D
8410,C
8415,C
8431,E
8438,C
8441,C
8448,C
8453,C
8463,A
8482,B
8486,B
8519,A
8528,E
8534,C
8537,F
8561,E
8597,C
8598,B
8600,C
8601,C
8609,A
8619,C
8628,E
8634,B
8638,D
8641,C
8656,C
8662,B
8682,D
8683,D
8706,E
8715,B
8749,B
8750,A
8761,D
8771,A
8807,B
8813,C
8818,C
8834,B
8843,B
8844,C
8851,D
8854,C
8884,C
8888,F
8893,B
8900,B
8908,A
8910,B
8920,C
8936,A
8942,B
8951,A
8957,B
8959,A
8961,B
8963,D
8968,E
8978,C
8990,E
8996,B
9010,D
9013,A
9045,E
9051,A
9068,B
9069,C
9074,C
9084,A
9090,C
9092,A
9099,B
9113,C
9122,A
9135,B
9136,D
9154,E
9160,A
9166,C
9172,A
9190,B
9207,C
9214,C
9221,D
9232,A
9233,B
9246,D
9258,C
9274,B
9285,B
9298,D
9299,D
9301,A
9329,B
9330,B
9333,B
9343,C
9351,E
9381,C
9394,C
9399,C
9400,A
9406,C
9429,C
9435,B
9441,A
9461,F
9474,B
9486,C
9509,D
9555,C
9560,E
9565,D
9567,A
9580,B
9596,B
9599,E
9613,E
9634,B
9636,B
9645,D
9653,D
9673,B
9679,B
9687,C
9691,C
9692,A
9695,B
9698,C
9705,C
9739,D
9741,B
9745,B
9747,D
9763,B
9768,D
9798,D
9807,B
9810,A
9816,A
9833,D
9837,B
9841,A
9858,A
9860,A
9862,C
9866,E
9886,D
9891,B
9894,C
9925,A
9928,A
9949,C
9960,D
9981,C
9992,F
10000,B
10025,E
10029,D
10032,B
10062,C
10069,B
10072,D
10075,A
10077,F
10080,B
10101,B
10109,B
10113,C
10115,B
10130,D
10134,A
10135,A
10152,B
10170,B
10186,A
10199,A
10205,A
10226,A
10229,B
10232,B
10234,C
10258,A
10260,B
10269,C
10272,A
10281,B
10286,B
10309,B
10317,B
10325,C
10334,A
10336,C
10358,F
10363,A
10383,C
10387,B
10390,A
10392,C
10406,B
10428,D
10429,B
10436,C
10440,D
10452,A
10460,A
10461,A
10462,C
10492,A
10509,B
10514,D
10521,A
10530,A
10535,C
10538,C
10539,E
10544,B
10557,D
10561,A
10563,C
10564,B
10567,D
10575,B
10590,A
10601,C
10606,B
10608,E
10612,B
10623,C
10624,C
10628,A
10630,B
10647,A
10657,C
10659,E
10677,B
10685,A
10692,D
10698,E
10699,C
10708,B
10710,D
10711,B
10725,B
10739,A
10744,C
10758,A
10765,B
10798,A
10799,C
10809,A
10837,E
10851,B
10858,B
10874,A
10879,C
10889,D
10891,B
10918,E
10929,C
10936,C
10956,C
10960,C
10982,C
10987,B
10988,D
10990,C
10995,A
11005,B
11026,A
11044,B
11046,B
11049,B
11076,C
11080,A
11097,D
11124,B
11127,B
11128,C
11143,B
11144,B
11145,B
11147,B
11156,D
11163,B
11169,B
11192,E
11205,A
11206,B
11207,A
11215,C
11216,C
11217,C
11224,C
11234,B
11271,D
11274,D
11276,C
11290,C
11304,B
11305,B
11309,C
11340,B
11341,C
11360,E
11363,C
11380,E
11392,F
11412,A
11416,D
11417,B
11430,B
11431,B
11434,D
11441,C
11457,A
11459,C
11468,A
11476,C
11491,A
11502,A
11506,D
11512,B
11518,D
11568,D
11579,A
11591,D
11607,C
11610,C
11631,B
11647,A
11651,B
11655,C
11656,B
11658,C
11661,C
11666,E
11668,C
11670,D
11677,B
11681,B
11682,B
11683,C
11694,C
11698,A
11710,D
11714,C
11715,D
11721,A
11736,B
11740,B
11742,C
11744,C
11752,C
11753,C
11761,E
11771,D
11777,D
11778,C
11783,E
11811,D
11814,B
11819,B
11827,A
11828,E
11844,B
11849,C
11863,B
11864,A
11898,D
11902,A
11951,B
11959,A
11970,C
11971,C
11978,A
11980,D
11991,C
12009,D
12020,B
12032,C
12056,A
12064,C
12068,B
12070,A
12096,C
12105,B
12124,B
12141,B
12166,B
12172,A
12174,C
12190,A
12202,D
12206,A
12207,B
12210,A
12215,B
12221,D
12231,A
12243,B
12250,A
12255,B
12259,B
12263,C
12265,C
12276,B
12277,D
12281,D
12282,C
12295,A
12321,D
12333,C
12348,D
12379,B
12382,A
12388,A
12397,A
12401,E
12402,A
12409,B
12414,B
12418,B
12419,B
12446,B
12465,D
12471,A
12482,D
12492,D
12530,C
12549,A
12554,C
12558,B
12559,C
12561,C
12582,B
12585,C
12610,A
12615,A
12628,B
12646,A
12650,B
12652,C
12656,C
12658,C
12661,C
12679,A
12687,D
12708,A
12723,E
12725,A
12726,C
12734,C
12758,C
12774,A
12778,B
12789,C
12796,B
12803,C
12806,C
12807,C
12819,B
12822,C
12832,A
12858,D
12868,A
12869,E
12919,C
12935,C
12937,C
12941,C
12943,B
12948,D
12952,B
12967,C
12968,A
12972,D
12984,C
12985,A
12987,B
12991,E
12992,A
13009,F
13010,A
13041,B
13054,A
13057,E
13064,B
13067,A
13080,D
13083,A
13085,E
13086,C
13105,A
13110,C
13125,D
13136,A
13138,D
13149,C
13150,B
13153,B
13160,C
13167,B
13181,C
13201,B
13227,B
13234,A
13263,C
13280,C
13292,A
13297,C
13301,C
13302,C
13303,C
13305,A
13312,A
13314,A
13362,B
13365,A
13371,C
13372,A
13375,C
13386,A
13394,C
13396,C
13401,C
13422,C
13424,B
13426,C
13428,E
13433,B
13438,C
13443,B
13448,C
13461,B
13475,A
13491,D
13502,C
13518,B
13522,A
13538,A
13539,A
13549,B
13575,E
13578,B
13584,D
13592,B
13616,B
13622,C
13639,D
13643,B
13653,B
13679,D
13687,D
13689,C
13691,B
13696,C
13703,B
13709,A
13718,A
13736,D
13743,A
13744,E
13752,B
13754,B
13764,B
13784,B
13797,C
13800,B
13833,B
13843,D
13849,D
13865,E
13866,D
13892,A
13899,C
13919,C
13947,C
13948,C
13962,D
13963,D
13965,B
13968,C
13970,C
13996,C
14000,B
14004,C
14017,C
14018,D
14049,B
14055,D
14061,C
14069,A
14071,B
14085,B
14098,D
14107,C
14129,A
14133,C
14136,D
14143,B
14146,D
14148,A
14153,B
14158,C
14184,B
14199,B
14201,E
14225,A
14227,A
14258,B
14263,C
14270,C
14275,D
14278,A
14292,B
14313,B
14318,E
14319,B
14331,C
14346,B
14360,A
14369,E
14391,D
14392,A
14400,D
14417,D
14433,C
14491,B
14492,C
14501,D
14518,B
14524,B
14539,B
14550,B
14554,A
14581,C
14584,C
14601,C
14618,C
14641,A
14642,B
14664,D
14689,B
14692,E
14716,C
14726,A
14738,B
14740,A
14741,D
14756,C
14760,C
14776,C
14797,A
14801,A
14810,C
14844,B
14850,B
14870,A
14873,B
14892,A
14903,D
14911,C
14921,A
14923,C
14936,B
14944,A
14964,C
14965,E
14973,B
14974,C
14975,D
14978,A
14990,C
14999,D
15005,B
15006,B
15011,A
15014,C
15018,A
15027,A
15029,D
15038,A
15044,B
15046,B
15054,C
15058,C
15060,C
15071,B
15077,B
15100,A
15109,D
15133,C
15154,E
15220,C
15224,C
15232,A
15252,D
15264,B
15291,B
15292,A
15293,B
15297,C
15307,D
15310,A
15384,E
15388,A
15405,A
15422,C
15429,D
15437,C
15446,B
15471,D
15485,C
15496,A
15504,C
15531,D
15532,C
15537,C
15548,D
15551,C
15561,C
15567,B
15573,A
15581,E
15585,B
15589,C
15595,E
15604,D
15612,A
15622,B
15630,D
15635,C
15647,A
15660,C
15678,A
15682,B
15690,A
15704,A
15710,C
15722,D
15740,C
15755,B
15789,B
15799,D
15807,A
15822,C
15824,C
15829,C
15839,C
15842,C
15852,A
15861,B
15868,C
15883,C
15901,B
15911,C
15932,B
15938,D
15952,B
15985,C
15987,C
15990,B
16004,C
16006,A
16026,C
16041,B
16043,D
16047,B
16065,A
16066,C
16069,C
16090,B
16110,A
16128,B
16129,A
16131,B
16150,A
16167,A
16178,B
16201,B
16208,C
16213,B
16221,D
16240,E
16241,B
16246,E
16265,C
16270,A
16276,D
16278,D
16279,D
16296,A
16303,B
16310,C
16313,E
16314,D
16323,C
16325,C
16342,A
16375,D
16379,B
16391,B
16397,C
16406,B
16432,A
16479,A
16496,B
16504,B
16523,B
16532,B
16535,C
16555,C
16562,B
16587,C
16603,B
16621,A
16636,C
16639,E
16649,B
16662,A
16671,D
16672,B
16677,A
16683,C
16685,B
16709,A
16713,B
16718,B
16731,B
16735,B
16736,A
16737,B
16750,B
16753,C
16757,C
16758,C
16760,C
16769,D
16773,B
16775,C
16781,B
16791,C
16795,B
16814,A
16819,D
16820,C
16831,D
16842,B
16844,C
16845,C
16847,A
16848,B
16855,B
16868,B
16875,B
16883,B
16888,E
16905,A
16911,D
16922,D
16924,F
16925,C
16930,A
16934,B
16942,B
16950,D
16951,A
16956,D
16966,A
16969,C
16976,A
16978,D
16988,C
17001,C
17021,B
17052,B
17053,B
17135,C
17139,B
17145,B
17174,A
17178,D
17179,C
17198,D
17205,A
17216,C
17220,D
17226,B
17241,C
17245,A
17247,B
17248,A
17252,B
17259,A
17262,A
17273,B
17277,C
17301,C
17307,E
17314,F
17315,B
17330,D
17348,C
17370,A
17376,A
17387,A
17397,C
17411,A
17416,B
17420,C
17429,B
17433,E
17440,A
17444,A
17463,A
17474,B
17487,B
17490,D
17498,C
17509,C
17545,B
17546,C
17548,D
17554,A
17560,B
17590,D
17593,C
17595,A
17607,C
17659,A
17674,C
17676,B
17677,A
17701,C
17733,B
17734,B
17757,C
17766,C
17770,D
17791,E
17803,C
17819,E
17828,B
17835,A
17851,C
17858,D
17860,C
17875,C
17889,C
17896,B
17905,D
17912,D
17914,D
17915,A
17958,D
17966,A
17974,B
17983,B
17986,D
17989,B
18022,B
18032,E
18046,A
18049,C
18086,B
18093,A
18101,E
18115,B
18122,C
18135,A
18137,E
18142,B
18143,C
18144,A
18175,D
18180,C
18190,C
18202,A
18220,B
18224,B
18228,A
18229,B
18232,B
18256,B
18261,E
18294,E
18315,A
18337,E
18355,B
18367,D
18373,B
18397,D
18412,C
18413,E
18414,B
18418,B
18454,A
18457,C
18469,C
18476,C
18477,C
18485,D
18495,E
18497,B
18498,D
18502,C
18508,F
18515,C
18532,B
18546,C
18549,C
18557,B
18566,B
18585,A
18604,B
18612,A
18620,B
18632,C
18633,D
18635,A
18637,B
18644,C
18647,A
18652,B
18654,B
18657,C
18676,B
18677,D
18684,C
18709,A
18726,B
18733,B
18759,C
18765,A
18766,A
18768,C
18770,C
18774,B
18785,A
18795,D
18806,A
18816,C
18817,C
18818,C
18819,B
18829,D
18841,A
18843,C
18845,B
18863,D
18893,A
18907,A
18916,E
18929,A
18936,B
18941,C
18947,C
18970,E
18973,B
18999,A
19009,C
19015,D
19023,D
19030,A
19032,C
19046,C
19072,C
19092,E
19095,C
19104,D
19112,F
19124,A
19144,D
19152,D
19180,A
19187,B
19194,A
19205,C
19206,A
19223,C
19227,C
19236,C
19237,C
19250,B
19264,A
19268,B
19271,B
19272,C
19291,C
19292,B
19305,C
19307,E
19312,B
19323,D
19325,B
19330,D
19341,B
19342,D
19354,A
19362,B
19364,C
19387,C
19392,A
19397,B
19420,C
19421,B
19461,B
19467,A
19469,A
19472,A
19498,C
19510,A
19512,C
19513,C
19520,B
19532,B
19535,A
19538,B
19545,C
19561,E
19572,A
19573,C
19576,C
19579,B
19597,C
19617,B
19628,D
19640,D
19645,B
19662,C
19669,B
19675,B
19676,C
19692,C
19700,B
19711,C
19714,B
19720,C
19734,C
19735,A
19745,C
19767,A
19768,B
19799,A
19801,E
19819,B
19821,B
19824,B
19827,C
19832,D
19846,C
19861,A
19870,C
19880,A
19891,A
19910,A
19914,B
19923,A
19940,D
19953,C
19954,C
19959,B
19971,B
19972,B
19996,C
20017,C
20030,B
20033,C
20035,A
20038,F
20041,C
20055,C
20059,A
20061,B
20074,A
20075,C
20089,E
20095,B
20118,C
20145,C
20150,E
20151,B
20159,B
20169,A
20175,A
20190,C
20200,D
20216,B
20221,A
20228,C
20236,D
20237,A
20280,B
20316,E
20317,B
20330,A
20333,B
20334,B
20342,A
20343,C
20345,B
20357,C
20371,C
20376,A
20386,A
20404,B
20430,C
20432,B
20457,E
20461,B
20468,A
20498,A
20500,E
20504,B
20513,B
20517,D
20520,B
20521,B
20526,E
20532,B
20533,D
20575,A
20577,C
20580,C
20596,B
20603,C
20616,C
20627,A
20629,C
20637,B
20641,A
20654,E
20657,B
20660,E
20676,B
20679,A
20681,C
20686,C
20710,B
20731,C
20736,B
20745,B
20759,B
20762,A
20768,C
20777,B
20779,B
20789,E
20792,B
20795,B
20802,A
20805,C
20810,B
20821,B
20823,C
20832,D
20857,C
20894,B
20900,D
20901,B
20920,D
20921,C
20936,C
20941,B
20968,D
20979,B
20988,A
20990,C
20991,D
21013,B
21015,C
21031,C
21045,D
21047,A
21055,A
21059,B
21060,B
21083,C
21131,C
21136,B
21145,A
21149,A
21155,E
21159,D
21165,B
21170,E
21191,D
21216,A
21220,C
21242,B
21249,D
21250,C
21253,E
21260,D
21279,C
21282,B
21288,B
21291,B
21298,B
21317,C
21328,C
21332,D
21333,C
21341,B
21388,D
21406,D
21420,B
21438,B
21441,E
21445,A
21469,A
21478,C
21479,D
21482,E
21528,B
21532,C
21543,C
21545,D
21547,D
21550,C
21589,A
21595,C
21610,B
21613,D
21635,B
21648,E
21657,C
21677,C
21685,B
21688,D
21691,C
21694,C
21710,B
21719,B
21741,C
21746,C
21761,B
21775,B
21781,C
21782,E
21805,C
21806,A
21817,C
21827,B
21830,B
21837,B
21844,B
21854,B
21858,D
21869,A
21876,B
21878,A
21891,A
21893,B
21896,A
21919,C
21926,C
21928,C
21935,E
21937,A
21939,B
21948,A
21950,B
21957,A
21983,C
21997,A
22021,C
22023,A
22026,B
22056,C
22058,A
22072,D
22078,C
22080,A
22082,D
22117,B
22127,E
22142,B
22152,E
22173,C
22183,C
22212,D
22222,B
22240,D
22259,A
22262,B
22268,A
22275,E
22277,D
22280,B
22282,D
22284,D
22300,C
22304,E
22310,C
22312,C
22321,E
22322,D
22324,C
22329,A
22340,B
22342,C
22348,E
22352,B
22371,D
22378,B
22379,A
22387,A
22390,C
22391,D
22400,A
22401,B
22403,C
22414,B
22415,A
22433,B
22441,A
22445,B
22477,A
22504,A
22514,D
22517,B
22524,B
22526,C
22532,E
22538,D
22570,E
22573,F
22577,C
22595,D
22599,A
22600,B
22601,C
22622,B
22647,B
22648,C
22649,C
22655,D
22659,B
22664,B
22673,B
22675,C
22681,A
22694,D
22698,B
22701,D
22707,C
22710,B
22713,A
22736,C
22740,A
22741,C
22745,A
22760,A
22762,C
22768,C
22773,D
22804,B
22810,C
22824,A
22832,E
22836,A
22844,E
22864,D
22866,A
22873,E
22875,C
22889,B
22903,B
22910,B
22915,A
22917,B
22919,D
22928,B
22945,F
22968,B
22969,D
23005,D
23033,B
23035,C
23052,A
23099,C
23101,A
23115,D
23118,E
23119,C
23124,C
23137,A
23153,A
23158,C
23184,C
23189,C
23195,B
23212,D
23219,C
23236,B
23246,C
23253,C
23285,B
23286,B
23294,A
23297,C
23331,B
23332,A
23335,B
23367,C
23387,A
23399,C
23405,B
23409,A
23414,A
23420,A
23434,C
23436,D
23449,A
23484,C
23486,A
23507,C
23520,D
23527,A
23535,E
23554,B
23564,C
23565,A
23579,B
23587,C
23602,A
23604,D
23625,B
23630,C
23643,C
23649,E
23676,B
23702,A
23721,B
23753,B
23760,C
23779,D
23780,E
23795,B
23796,A
23812,B
23825,C
23828,C
23830,B
23832,A
23835,B
23846,B
23848,C
23853,B
23855,E
23856,B
23864,B
23868,C
23886,E
23894,C
23895,A
23900,B
23929,B
23930,E
23940,C
23942,A
23964,B
23969,C
23977,C
24005,C
24020,C
24021,C
24034,B
24037,C
24041,C
24057,A
24063,E
24077,C
24089,B
24133,C
24144,B
24152,B
24164,D
24175,B
24182,D
24191,A
24202,E
24203,A
24209,B
24213,C
24219,D
24223,C
24233,B
24259,A
24267,B
24284,C
24305,A
24320,D
24375,A
24381,A
24383,C
24384,A
24401,B
24417,C
24423,C
24439,C
24446,C
24464,C
24466,A
24469,B
24484,D
24492,A
24499,B
24521,C
24525,C
24548,D
24556,C
24559,A
24566,A
24584,D
24591,B
24595,C
24597,C
24604,B
24607,B
24611,A
24617,B
24624,B
24637,C
24648,D
24653,C
24663,D
24695,B
24702,B
24705,B
24710,D
24711,B
24714,B
24720,C
24730,D
24744,A
24774,C
24778,D
24788,A
24793,B
24796,D
24809,E
24818,E
24845,D
24846,B
24852,B
24859,B
24863,B
24872,B
24893,A
24896,D
24902,D
24912,C
24933,B
24934,A
24951,D
24968,B
24971,C
24977,D
24980,C
24998,C
25014,C
25016,B
25019,C
25027,B
25043,D
25047,C
25049,C
25051,A
25078,C
25093,C
25108,C
25116,D
25117,C
25120,A
25132,D
25134,B
25142,C
25196,B
25229,C
25233,B
25251,A
25270,C
25277,C
25281,B
25283,B
25310,E
25326,D
25334,B
25335,D
25354,C
25362,D
25369,C
25377,B
25399,A
25406,C
25413,B
25422,B
25426,C
25429,B
25446,C
25454,B
25457,A
25471,B
25472,E
25476,C
25483,B
25490,E
25498,B
25517,B
25523,C
25528,C
25532,C
25537,E
25559,C
25569,E
25588,B
25589,C
25594,A
25608,B
25611,C
25615,B
25619,C
25623,C
25662,B
25671,C
25672,B
25678,A
25715,C
25722,C
25747,A
25765,C
25772,C
25778,F
25794,B
25800,C
25801,B
25811,A
25833,B
25856,D
25863,D
25864,C
25897,B
25911,D
25958,A
25970,D
25973,E
25980,A
25988,B
25993,B
25996,B
26013,A
26017,A
26048,C
26065,A
26075,D
26076,F
26084,B
26086,C
26091,C
26092,D
26099,B
26110,B
26115,A
26128,A
26132,C
26136,C
26138,C
26141,A
26143,A
26155,D
26160,B
26166,D
26188,D
26191,C
26194,C
26196,A
26205,B
26208,A
26210,C
26231,E
26238,C
26243,B
26248,A
26251,D
26263,B
26267,B
26275,C
26288,B
26305,C
26309,A
26328,C
26334,A
26352,C
26357,C
26358,A
26365,C
26372,C
26373,C
26391,B
26392,B
26399,C
26408,E
26424,A
26446,B
26449,A
26475,B
26476,D
26477,B
26479,A
26483,B
26493,C
26498,C
26505,A
26507,C
26508,A
26536,B
26540,A
26544,B
26549,A
26554,A
26560,A
26574,D
26593,A
26595,A
26597,D
26616,C
26624,C
26645,B
26646,C
26665,B
26677,C
26683,D
26685,A
26691,A
26707,B
26717,C
26724,A
26730,C
26752,D
26753,A
26762,D
26775,B
26778,B
26780,C
26797,B
26803,D
26820,B
26821,B
26827,C
26847,A
26855,C
26860,C
26866,C
26875,B
26877,D
26886,B
26888,E
26895,A
26901,D
26902,C
26912,B
26927,C
26933,B
26947,C
26960,C
26964,C
26965,C
27005,B
27010,C
27026,C
27030,C
27056,D
27076,B
27081,D
27085,B
27091,C
27101,B
27105,B
27115,E
27120,A
27127,C
27146,C
27176,C
27184,B
27191,D
27202,B
27223,C
27238,B
27248,A
27253,D
27265,E
27274,F
27301,C
27323,C
27326,A
27334,B
27336,C
27347,E
27349,A
27380,B
27388,C
27395,B
27404,B
27405,B
27412,A
27421,A
27435,D
27452,F
27458,A
27462,E
27468,A
27477,D
27506,C
27528,B
27529,C
27531,C
27538,D
27560,B
27567,A
27569,B
27573,C
27583,B
27588,C
27590,A
27594,D
27595,B
27629,C
27646,C
27654,B
27657,B
27663,A
27666,A
27679,A
27696,B
27706,C
27710,A
27712,C
27713,B
27733,C
27736,B
27764,B
27785,B
27797,B
27805,E
27806,D
27808,B
27815,D
27842,B
27844,A
27845,B
27878,B
27907,B
27922,B
27925,E
27949,C
27954,B
27976,A
27991,A
27996,A
28001,B
28002,B
28006,A
28010,B
28015,C
28021,B
28024,C
28034,B
28044,B
28055,B
28084,B
28096,B
28100,E
28112,D
28113,A
28115,C
28123,A
28144,C
28162,B
28167,F
28177,C
28202,A
28207,B
28209,A
28211,B
28212,C
28217,C
28220,F
28225,C
28230,D
28275,B
28278,C
28300,F
28305,C
28314,C
28317,E
28324,A
28332,A
28386,D
28397,B
28404,A
28410,A
28417,A
28437,C
28438,C
28449,A
28457,D
28464,B
28483,A
28484,A
28490,B
28514,D
28524,B
28528,C
28539,C
28542,B
28549,A
28564,C
28569,A
28572,C
28592,C
28593,D
28606,D
28618,C
28631,B
28634,A
28636,B
28646,F
28654,B
28667,A
28671,D
28686,B
28697,C
28710,B
28720,B
28724,B
28738,D
28742,B
28743,D
28745,C
28749,F
28765,F
28783,B
28806,B
28809,A
28831,B
28848,E
28858,C
28867,C
28881,A
28911,B
28926,B
28939,E
28941,B
28948,A
28974,C
28980,C
28982,D
28984,B
28985,C
28987,C
28990,B
29000,F
29009,D
29043,C
29057,A
29058,B
29063,D
29079,A
29081,D
29085,A
29091,C
29100,C
29101,C
29115,E
29128,A
29141,B
29143,C
29145,C
29146,B
29163,B
29171,A
29174,B
29176,A
29189,C
29202,A
29207,B
29229,F
29231,C
29258,B
29279,C
29292,B
29311,C
29314,A
29346,A
29379,B
29385,C
29393,B
29404,A
29415,C
29418,A
29428,B
29434,A
29448,B
29449,C
29460,B
29464,B
29468,D
29491,C
29492,E
29501,C
29513,B
29525,B
29528,E
29542,C
29560,C
29561,D
29562,C
29565,A
29577,C
29619,C
29621,C
29631,D
29646,D
29672,B
29680,E
29706,B
29733,C
29738,C
29744,B
29750,A
29756,B
29759,E
29767,D
29784,D
29806,C
29829,B
29847,C
29857,A
29869,E
29876,A
29879,A
29888,C
29903,B
29917,B
29927,C
29936,D
29953,B
29957,E
29960,A
29967,B
29973,A
29976,B
29978,B
29984,D
29990,B
29991,B
30009,B
30017,F
30033,D
30055,B
30058,A
30069,E
30073,A
30084,D
30086,B
30100,B
30101,A
30104,C
30112,C
30113,C
30119,B
30121,B
30137,B
30177,D
30185,C
30192,D
30200,B
30212,D
30217,B
30237,D
30241,D
30246,F
30256,C
30264,C
30292,C
30312,D
30318,C
30321,C
30339,C
30349,B
30358,B
30374,B
30378,B
30382,C
30394,D
30404,D
30407,C
30411,B
30414,D
30417,C
30453,B
30456,B
30458,A
30465,A
30476,C
30489,C
30510,C
30531,B
30533,B
30535,A
30541,D
30553,A
30565,C
30568,E
30569,B
30575,C
30578,A
30586,A
30599,C
30601,E
30611,C
30620,D
30626,B
30630,C
30633,C
30651,C
30653,E
30654,A
30684,D
30688,A
30691,C
30699,B
30718,C
30735,B
30744,D
30749,E
30756,C
30757,B
30770,D
30777,A
30815,B
30818,D
30826,B
30832,C
30844,A
30851,E
30856,E
30866,C
30899,C
30916,B
30940,C
30945,A
30964,E
30983,A
30986,C
30994,A
30999,B
31013,B
31021,B
31037,D
31046,C
31056,B
31097,A
31122,B
31128,E
31141,B
31146,C
31151,B
31167,C
31170,C
31177,C
31180,E
31185,A
31186,C
31201,D
31205,B
31220,B
31242,B
31244,B
31247,C
31251,C
31266,D
31267,C
31268,C
31328,C
31341,B
31348,E
31355,C
31379,D
31381,C
31398,C
31408,B
31409,D
31423,C
31435,F
31437,A
31465,A
31474,E
31488,B
31500,B
31521,B
31538,A
31543,C
31554,B
31565,B
31573,E
31583,A
31594,D
31600,C
31601,D
31608,E
31610,A
31618,A
31660,D
31665,B
31701,C
31710,B
31724,C
31725,D
31736,D
31752,A
31756,C
31770,C
31773,C
31780,B
31790,A
31807,C
31825,A
31835,D
31836,B
31876,B
31878,B
31880,C
31886,C
31895,A
31912,C
31933,C
31937,B
31946,C
31964,A
31965,B
31967,C
31969,D
31972,A
31987,B
31999,B
32000,C
32048,A
32057,C
32103,B
32110,C
32120,C
32147,A
32164,E
32165,C
32182,E
32198,C
32200,E
32201,C
32217,A
32222,B
32224,F
32232,C
32239,C
32253,C
32254,C
32262,D
32284,B
32296,B
32302,C
32313,B
32316,A
32318,C
32322,C
32323,C
32332,C
32336,A
32338,B
32339,C
32342,D
32347,C
32372,B
32376,C
32380,C
32387,C
32393,D
32396,C
32401,B
32409,C
32410,C
32413,A
32420,A
32430,C
32453,D
32459,E
32464,C
32491,C
32500,C
32523,E
32530,A
32541,D
32543,B
32551,C
32555,D
32575,B
32578,B
32639,C
32640,B
32658,C
32661,C
32669,A
32671,D
32677,E
32689,C
32693,C
32711,B
32712,B
32721,F
32728,C
32760,A
32806,C
32824,B
32853,B
32861,D
32870,D
32872,E
32881,A
32883,B
32886,A
32888,C
32890,A
32893,D
32895,E
32902,C
32913,A
32915,D
32919,A
32965,C
32970,C
32980,A
32987,D
33004,B
33022,C
33041,A
33043,C
33060,D
33063,D
33085,B
33093,C
33108,E
33111,A
33125,B
33127,A
33129,D
33134,A
33140,C
33142,B
33146,C
33150,C
33162,B
33186,C
33191,B
33192,C
33194,B
33221,D
33222,E
33223,B
33225,B
33252,C
33261,D
33263,D
33275,B
33308,B
33315,C
33316,B
33347,B
33352,C
33360,B
33361,D
33373,B
33390,C
33391,C
33403,A
33410,A
33411,C
33422,B
33437,C
33442,C
33454,C
33486,D
33494,B
33500,C
33501,D
33507,D
33510,C
33516,C
33517,D
33518,B
33520,D
33527,B
33534,C
33535,C
33542,B
33543,B
33558,C
33579,B
33581,B
33583,C
33584,A
33595,C
33600,C
33613,B
33623,B
33625,A
33626,B
33632,B
33642,A
33649,C
33663,B
33674,D
33680,C
33712,F
33714,B
33723,B
33736,C
33741,D
33751,C
33757,C
33794,A
33801,A
33808,C
33809,C
33841,D
33844,A
33849,B
33872,B
33887,A
33889,E
33906,B
33933,B
33948,C
33959,C
33971,B
33982,D
33983,A
33984,B
33985,A
33990,D
34002,B
34008,A
34013,B
34016,A
34019,B
34027,A
34028,A
34060,B
34061,B
34068,B
34098,A
34116,C
34121,C
34140,B
34145,C
34156,B
34159,A
34165,D
34168,C
34187,C
34188,C
34197,D
34205,A
34216,C
34218,B
34232,C
34244,C
34245,C
34248,D
34249,B
34276,A
34284,A
34300,A
34308,E
34312,A
34318,D
34320,E
34325,D
34327,B
34328,C
34329,B
34343,C
34347,C
34348,C
34351,C
34353,C
34362,B
34365,B
34373,F
34388,C
34396,C
34399,A
34407,C
34425,B
34427,C
34434,B
34439,C
34442,B
34444,C
34454,B
34455,D
34458,F
34462,E
34479,D
34493,B
34494,C
34497,B
34505,C
34510,C
34522,B
34531,D
34532,D
34545,D
34560,D
34572,A
34576,A
34577,D
34585,D
34601,B
34602,D
34604,B
34612,C
34621,B
34646,B
34667,B
34670,C
34681,A
34684,A
34693,F
34694,C
34699,D
34703,B
34717,E
34746,B
34760,C
34762,D
34767,E
34771,C
34785,C
34802,A
34806,C
34811,B
34840,B
34841,D
34865,B
34875,A
34901,D
34905,C
34942,C
34951,A
34952,B
34970,B
34981,D
34990,B
35001,C
35006,C
35027,C
35029,C
35060,C
35072,A
35074,D
35075,B
35107,C
35121,A
35123,C
35133,C
35142,B
35155,D
35160,B
35164,B
35165,A
35170,B
35178,D
35182,D
35195,B
35197,D
35198,A
35206,B
35226,D
35230,C
35232,A
35234,B
35240,D
35241,B
35248,A
35261,C
35285,A
35311,B
35318,C
35329,C
35334,C
35354,B
35368,B
35408,B
35416,C
35420,C
35426,C
35435,B
35443,C
35452,E
35462,C
35487,E
35488,D
35502,C
35503,B
35521,B
35533,A
35537,B
35567,E
35597,C
35606,E
35655,B
35680,C
35681,B
35682,C
35687,C
35688,D
35690,E
35691,B
35722,C
35724,C
35734,C
35741,E
35749,A
35759,A
35770,C
35775,C
35785,C
35806,B
35809,D
35815,D
35826,C
35827,D
35828,C
35836,C
35843,B
35846,B
35862,B
35898,B
35899,B
35906,C
35909,E
35914,C
35921,C
35923,C
35940,C
35949,C
35997,A
36002,C
36004,B
36017,D
36023,D
36033,C
36050,C
36051,D
36062,A
36071,D
36089,B
36118,E
36127,B
36128,A
36140,C
36155,A
36157,A
36166,B
36170,A
36180,D
36181,B
36182,B
36194,E
36203,C
36205,D
36206,B
36241,C
36242,A
36246,D
36254,A
36262,B
36283,C
36287,C
36299,A
36300,C
36331,D
36358,D
36369,C
36371,B
36375,C
36379,C
36381,A
36382,C
36384,A
36390,E
36397,C
36401,E
36407,A
36439,A
36462,A
36482,B
36512,B
36518,B
36543,C
36558,A
36620,C
36623,B
36643,A
36646,B
36648,E
36696,C
36699,E
36706,A
36728,F
36732,C
36740,C
36755,E
36764,D
36769,C
36788,A
36791,C
36797,D
36841,B
36843,C
36865,C
36867,A
36872,B
36878,B
36965,D
36966,C
36998,B
37004,B
37006,C
37007,C
37008,C
37015,B
37020,D
37040,C
37058,C
37066,C
37116,B
37117,E
37119,B
37121,C
37144,B
37149,A
37153,B
37167,D
37168,D
37170,A
37177,C
37178,A
37246,B
37263,C
37268,D
37271,D
37284,C
37286,C
37298,B
37312,A
37326,B
37342,A
37366,B
37377,D
37400,D
37404,B
37411,D
37429,C
37430,C
37435,A
37441,A
37459,D
37479,B
37532,A
37537,B
37539,A
37543,D
37547,C
37558,C
37576,C
37584,C
37587,C
37590,B
37602,C
37610,A
37611,A
37623,B
37625,B
37630,A
37632,D
37640,D
37645,B
37648,D
37672,B
37680,A
37706,A
37723,A
37729,A
37744,C
37750,B
37811,D
37814,E
37815,A
37830,B
37833,B
37838,B
37840,C
37855,E
37856,D
37863,C
37880,C
37899,B
37909,C
37918,C
37926,B
37928,B
37976,C
37984,A
37985,B
38000,B
38005,B
38009,D
38010,C
38011,C
38026,B
38037,C
38039,E
38056,B
38059,E
38063,B
38073,C
38089,D
38095,B
38096,C
38100,C
38128,A
38136,B
38146,B
38150,A
38167,C
38217,B
38219,B
38222,C
38230,A
38237,C
38249,A
38251,D
38254,D
38259,C
38263,C
38270,C
38344,B
38351,B
38391,B
38397,A
38398,D
38402,A
38424,B
38432,B
38442,A
38446,D
38456,B
38469,A
38491,C
38500,C
38501,E
38509,C
38512,C
38514,A
38525,C
38557,A
38565,B
38582,B
38600,E
38616,E
38625,A
38627,B
38640,C
38649,A
38658,E
38663,A
38675,A
38683,C
38684,E
38701,D
38707,A
38712,D
38714,B
38721,A
38730,E
38731,C
38732,A
38747,C
38749,D
38755,C
38765,B
38789,B
38793,C
38801,D
38806,C
38811,B
38837,B
38865,A
38866,C
38882,C
38893,C
38897,B
38905,A
38911,A
38912,A
38923,D
38947,E
38951,B
38953,E
38957,C
38968,D
38983,A
38999,C
39034,C
39035,C
39036,C
39064,D
39065,D
39067,F
39071,C
39112,C
39113,C
39133,F
39138,B
39147,D
39177,D
39213,D
39234,C
39249,C
39270,D
39293,C
39334,A
39337,A
39387,C
39391,B
39393,D
39400,A
39429,B
39434,D
39438,D
39440,C
39460,A
39462,B
39470,D
39475,B
39477,C
39481,B
39500,D
39505,C
39516,C
39520,C
39525,E
39528,A
39547,D
39554,A
39556,B
39557,C
39561,B
39566,A
39570,D
39583,D
39589,A
39591,B
39630,C
39659,B
39660,B
39662,C
39691,E
39752,B
39787,C
39800,C
39803,B
39833,D
39853,D
39856,E
39871,B
39872,C
39894,C
39900,A
39926,C
39934,A
39945,A
39952,D
39957,A
39962,B
40000,A
40002,B
40005,B
40029,B
40051,B
40073,A
40086,B
40099,B
40104,B
40106,B
40109,D
40115,B
40117,D
40124,B
40130,B
40136,D
40149,C
40164,B
40185,C
40206,B
40215,C
40227,C
40229,C
40236,C
40239,C
40245,A
40246,B
40248,D
40249,C
40253,E
40257,E
40273,A
40276,C
40280,B
40286,E
40295,E
40301,A
40305,C
40306,D
40360,C
40397,C
40417,B
40420,B
40421,E
40422,A
40425,B
40436,B
40453,C
40462,C
40476,D
40495,C
40514,C
40516,A
40525,B
40536,B
40549,B
40564,C
40577,C
40582,D
40583,A
40586,B
40594,C
40649,B
40664,A
40665,B
40667,A
40674,A
40678,B
40698,B
40712,A
40714,A
40727,C
40728,B
40733,A
40736,C
40740,C
40741,C
40751,D
40756,D
40759,E
40760,D
40762,A
40769,D
40774,A
40779,C
40782,B
40784,B
40791,B
40795,C
40815,E
40820,A
40827,B
40828,A
40865,C
40887,C
40891,D
40900,A
40903,B
40905,A
40918,A
40932,C
40934,A
40938,C
40939,D
40940,D
40953,B
40977,B
41023,A
41026,C
41032,A
41043,C
41049,C
41053,C
41081,A
41083,A
41084,B
41085,C
41090,A
41105,E
41124,B
41128,A
41148,B
41150,C
41157,A
41159,B
41163,A
41165,B
41173,B
41176,C
41185,B
41186,C
41188,C
41189,C
41193,D
41232,B
41249,D
41258,B
41261,A
41284,C
41290,A
41303,A
41308,C
41325,C
41329,F
41331,D
41334,B
41340,C
41342,D
41347,B
41362,C
41371,B
41379,A
41405,A
41431,B
41436,B
41438,C
41448,C
41454,C
41455,D
41456,D
41459,A
41479,B
41485,D
41512,A
41520,D
41534,B
41561,B
41591,B
41596,B
41600,C
41602,A
41632,C
41664,F
41668,C
41676,B
41693,A
41694,D
41696,C
41703,B
41722,A
41731,C
41735,A
41766,E
41769,B
41788,B
41803,C
41818,C
41824,C
41835,D
41836,A
41841,B
41846,C
41849,A
41850,D
41864,B
41894,B
41899,C
41901,D
41909,B
41910,D
41922,A
41937,C
41948,C
41964,C
41966,C
41974,D
41979,B
41985,E
41991,C
41998,C
42015,C
42020,A
42054,A
42058,F
42060,E
42067,A
42072,A
42073,B
42080,F
42125,B
42130,E
42135,B
42150,C
42161,C
42194,A
42224,C
42236,C
42238,E
42249,A
42250,B
42254,C
42268,E
42282,A
42287,C
42290,C
42308,B
42309,C
42315,D
42347,B
42354,A
42357,D
42370,E
42378,B
42389,B
42397,B
42400,B
42407,E
42425,B
42427,C
42447,A
42451,C
42474,E
42483,B
42510,F
42511,B
42515,B
42526,A
42543,E
42552,D
42556,E
42558,D
42562,E
42571,E
42583,C
42608,E
42610,C
42618,D
42628,A
42635,C
42638,B
42642,C
42666,C
42671,B
42673,C
42682,B
42684,A
42720,E
42769,B
42777,A
42780,D
42790,A
42817,B
42821,D
42830,B
42856,D
42884,E
42885,E
42888,B
42895,D
42897,A
42908,D
42930,B
42931,E
42934,A
42939,F
42945,A
42950,A
42951,E
42967,A
42975,C
43025,B
43031,A
43036,D
43037,E
43039,B
43045,B
43050,E
43071,B
43072,A
43074,A
43083,B
43093,C
43097,E
43105,A
43107,B
43124,B
43126,B
43132,D
43141,B
43164,D
43171,B
43173,D
43183,A
43190,E
43199,B
43207,D
43228,C
43239,C
43249,D
43268,B
43293,E
43307,C
43324,D
43338,B
43347,B
43364,D
43368,B
43415,C
43416,A
43431,C
43434,B
43441,B
43442,A
43462,B
43470,D
43482,A
43496,A
43498,C
43506,B
43519,A
43524,C
43555,E
43566,D
43572,B
43576,B
43582,A
43595,A
43605,D
43606,B
43624,C
43666,C
43667,B
43674,C
43688,C
43716,E
43721,B
43725,B
43736,A
43737,D
43740,C
43747,D
43765,E
43766,B
43772,C
43784,A
43794,D
43811,C
43823,A
43826,B
43856,B
43858,D
43872,A
43895,B
43904,D
43908,D
43944,C
43954,B
43956,B
43957,D
43959,A
43964,C
43965,A
43975,E
43980,E
43985,D
43990,C
44015,B
44021,A
44031,B
44035,D
44037,C
44050,B
44055,B
44066,C
44075,E
44108,A
44127,C
44133,B
44136,C
44137,A
44138,C
44175,D
44188,B
44205,D
44210,B
44225,E
44232,B
44252,A
44253,B
44254,A
44271,B
44272,B
44276,B
44302,B
44303,B
44326,C
44329,C
44348,C
44351,E
44362,B
44365,B
44368,B
44372,C
44383,C
44409,E
44413,B
44415,C
44418,B
44422,D
44427,C
44431,C
44433,A
44440,C
44500,D
44508,B
44515,D
44530,D
44535,D
44538,E
44545,A
44551,B
44556,B
44557,B
44575,C
44580,A
44607,A
44636,B
44665,D
44679,C
44693,E
44729,A
44733,A
44755,B
44756,C
44770,C
44781,B
44791,C
44805,B
44808,A
44812,B
44825,C
44834,D
44858,D
44868,B
44872,B
44883,B
44884,D
44903,D
44905,C
44914,A
44926,C
44948,B
44955,C
44966,D
44975,B
44980,C
44988,C
44993,B
44997,D
45006,D
45013,B
45018,A
45039,C
45046,C
45050,A
45065,B
45095,A
45096,D
45102,A
45117,E
45131,B
45134,C
45138,C
45145,B
45148,B
45155,C
45188,B
45195,A
45209,C
45213,A
45232,D
45239,C
45241,B
45243,C
45248,C
45270,D
45277,C
45280,B
45286,A
45288,B
45290,B
45294,B
45299,C
45322,C
45323,D
45338,B
45351,A
45364,B
45386,A
45397,C
45410,B
45414,C
45418,B
45423,F
45426,C
45428,C
45435,E
45442,C
45466,D
45478,A
45488,C
45492,B
45496,D
45509,A
45520,C
45522,B
45528,A
45529,C
45534,C
45539,C
45547,E
45567,B
45573,B
45590,C
45594,B
45596,B
45598,A
45620,B
45642,A
45645,C
45656,B
45666,B
45688,C
45731,A
45735,C
45740,E
45746,C
45792,C
45798,B
45802,C
45803,C
45811,A
45823,A
45827,A
45830,C
45850,C
45862,C
45873,B
45883,E
45889,A
45893,A
45900,A
45911,B
45921,B
45943,E
45945,A
45949,C
45971,C
45976,C
45996,C
46003,B
46004,A
46005,B
46006,B
46011,C
46020,D
46036,C
46040,B
46059,D
46077,A
46086,B
46090,A
46118,A
46135,D
46162,D
46168,D
46181,B
46183,C
46187,A
46225,C
46268,B
46282,C
46300,A
46312,C
46323,B
46326,C
46328,B
46338,C
46342,A
46353,B
46357,B
46367,C
46369,C
46371,C
46377,B
46389,C
46398,B
46408,A
46411,C
46416,A
46419,A
46424,C
46448,A
46451,C
46452,C
46455,D
46459,D
46475,C
46484,B
46498,D
46506,B
46511,A
46520,C
46521,D
46530,B
46535,C
46549,B
46557,A
46560,D
46574,B
46583,D
46586,B
46588,B
46593,B
46611,A
46624,E
46627,D
46642,A
46648,B
46652,C
46658,A
46667,B
46674,A
46683,D
46691,B
46693,C
46695,B
46696,C
46703,B
46709,D
46716,D
46738,A
46739,B
46749,A
46756,B
46760,B
46762,B
46764,B
46766,A
46777,B
46779,B
46795,A
46821,B
46823,C
46824,A
46826,A
46828,F
46829,B
46835,B
46840,C
46845,D
46847,D
46848,A
46852,D
46855,C
46860,A
46869,B
46887,D
46888,A
46946,D
46948,D
46949,C
46950,B
46955,B
46971,C
46979,D
46992,B
46995,B
47003,B
47016,C
47032,B
47045,E
47051,E
47060,C
47082,A
47086,B
47092,B
47095,D
47106,B
47112,D
47124,B
47125,C
47133,A
47139,C
47156,C
47157,C
47158,A
47161,C
47162,D
47173,E
47184,A
47189,C
47208,C
47223,D
47252,A
47266,C
47277,B
47285,B
47293,B
47295,D
47323,B
47344,E
47349,C
47360,C
47362,A
47371,B
47377,D
47382,C
47383,D
47384,D
47393,D
47410,B
47414,A
47421,B
47423,A
47428,B
47432,E
47435,C
47462,C
47473,C
47474,A
47475,C
47477,B
47478,D
47499,B
47502,A
47503,C
47505,A
47527,B
47532,A
47535,C
47545,B
47548,C
47551,B
47560,E
47564,B
47568,C
47572,D
47595,B
47600,B
47601,A
47605,E
47614,B
47627,A
47639,C
47661,A
47664,D
47674,F
47675,B
47677,C
47683,A
47687,B
47688,E
47697,C
47702,A
47705,B
47710,C
47713,C
47729,A
47734,B
47737,B
47742,B
47745,C
47748,B
47751,A
47755,B
47756,A
47758,C
47780,C
47783,B
47809,B
47810,B
47822,A
47830,C
47844,B
47852,A
47855,C
47857,B
47893,A
47896,C
47910,A
47924,C
47939,E
47973,B
48004,A
48006,C
48007,D
48013,C
48015,A
48021,B
48028,B
48037,C
48056,D
48062,A
48076,E
48090,B
48094,D
48116,C
48120,B
48130,B
48145,A
48154,D
48158,B
48163,B
48164,C
48170,D
48171,D
48183,B
48228,C
48239,C
48241,C
48243,C
48251,B
48258,C
48266,C
48269,C
48275,C
48280,B
48300,C
48316,A
48333,C
48335,D
48336,C
48341,B
48342,C
48362,B
48377,C
48378,C
48399,C
48402,E
48414,B
48422,A
48439,C
48451,C
48471,A
48486,D
48502,C
48503,E
48513,D
48532,C
48537,D
48545,B
48546,C
48563,B
48591,A
48607,C
48610,B
48630,C
48632,C
48640,B
48642,E
48652,A
48660,E
48666,C
48667,C
48670,D
48674,A
48677,B
48684,A
48685,D
48692,B
48710,B
48715,C
48719,A
48723,D
48727,A
48769,D
48771,C
48773,C
48776,D
48799,C
48805,D
48830,C
48835,A
48836,A
48845,C
48853,A
48855,C
48873,D
48874,B
48881,C
48937,A
48943,B
48949,C
48959,C
48972,B
48986,C
48987,C
48994,B
49004,B
49014,E
49016,A
49025,D
49026,D
49030,B
49034,B
49055,B
49059,D
49064,A
49070,C
49074,B
49111,C
49117,C
49125,A
49129,D
49130,A
49135,B
49138,B
49142,C
49148,E
49166,D
49179,D
49191,D
49192,D
49195,B
49200,B
49229,C
49237,D
49251,A
49264,A
49277,B
49285,E
49292,B
49300,B
49306,B
49321,B
49334,C
49348,B
49364,B
49368,B
49370,B
49372,C
49384,A
49392,C
49397,A
49408,B
49412,A
49416,A
49417,B
49429,B
49450,D
49454,A
49471,B
49474,C
49480,C
49484,C
49492,E
49493,C
49497,B
49503,D
49508,C
49514,C
49515,A
49527,A
49531,C
49543,B
49554,C
49558,C
49563,B
49581,B
49592,E
49600,A
49601,B
49623,B
49628,C
49636,A
49669,B
49692,D
49702,C
49703,A
49707,C
49726,C
49728,D
49733,A
49739,D
49752,C
49759,B
49760,D
49772,A
49775,B
49776,C
49782,E
49784,D
49791,C
49792,C
49799,A
49800,C
49802,C
49829,B
49832,C
49838,C
49876,A
49897,D
49903,E
49915,D
49927,C
49930,C
49937,B
49957,A
49969,B
49973,C
49977,C
49994,B
50005,A
50050,B
50051,D
50080,C
50123,D
50132,B
50137,B
50141,C
50144,C
50153,D
50163,F
50182,C
50188,A
50194,B
50197,C
50211,B
50216,B
50225,B
50239,B
50253,E
50255,C
50284,C
50287,C
50296,D
50333,B
50345,E
50364,D
50370,B
50373,B
50377,C
50378,B
50401,B
50414,B
50419,C
50421,C
50430,C
50436,B
50453,C
50485,A
50513,B
50514,B
50517,D
50521,D
50530,B
50538,C
50539,A
50542,B
50555,B
50593,E
50596,B
50598,A
50606,F
50630,E
50639,A
50645,A
50660,D
50688,A
50689,C
50690,C
50715,B
50718,C
50720,A
50728,A
50747,A
50752,A
50759,D
50760,D
50766,D
50785,B
50805,B
50810,C
50819,B
50830,B
50833,A
50845,A
50882,B
50904,B
50910,C
50944,B
50946,C
50971,C
50974,B
50979,D
50987,B
51012,A
51025,C
51047,D
51049,B
51050,A
51052,D
51054,A
51068,D
51072,C
51082,C
51117,B
51121,C
51130,B
51135,E
51136,B
51137,D
51149,B
51161,C
51162,F
51163,B
51167,C
51175,A
51201,A
51206,A
51238,D
51263,A
51265,C
51271,A
51278,F
51279,D
51286,A
51290,B
51300,B
51312,E
51327,B
51330,C
51333,B
51334,B
51339,A
51340,D
51342,A
51345,B
51371,B
51372,C
51380,D
51382,C
51405,A
51408,C
51418,B
51420,B
51425,B
51439,B
51446,E
51475,B
51482,D
51490,B
51491,B
51499,D
51504,C
51508,D
51521,A
51522,B
51539,D
51542,C
51597,C
51600,B
51604,D
51626,A
51632,B
51644,C
51647,B
51662,C
51665,B
51670,C
51683,A
51690,D
51691,D
51701,D
51708,C
51740,C
51744,D
51749,C
51750,B
51769,B
51784,E
51798,B
51828,A
51833,D
51857,A
51865,B
51877,C
51888,C
51894,B
51901,C
51926,E
51929,B
51935,E
51952,E
51962,B
51969,C
51973,B
51974,C
51984,E
51988,D
51989,A
51992,B
51994,D
52013,C
52057,B
52064,C
52071,A
52073,B
52074,C
52089,D
52101,A
52118,A
52122,A
52123,C
52129,D
52157,D
52159,A
52174,A
52179,A
52183,A
52206,A
52209,B
52216,C
52225,A
52230,A
52241,C
52242,A
52243,B
52258,B
52262,C
52266,C
52296,C
52310,B
52326,C
52328,B
52331,D
52334,C
52343,A
52350,D
52371,F
52383,B
52384,A
52402,B
52423,E
52442,C
52458,C
52488,C
52529,D
52535,B
52536,B
52566,C
52578,A
52582,B
52583,C
52585,C
52589,B
52605,E
52607,B
52632,A
52651,C
52666,C
52670,B
52673,C
52681,B
52692,B
52705,C
52717,B
52760,B
52762,D
52768,D
52794,F
52799,A
52824,B
52825,A
52837,D
52844,C
52867,D
52876,B
52885,B
52886,D
52894,C
52897,C
52903,B
52908,A
52912,A
52920,D
52926,B
52932,C
52949,C
52964,A
52988,D
52995,A
53002,C
53025,A
53026,A
53053,C
53074,E
53108,B
53124,B
53125,D
53131,B
53132,C
53135,D
53152,B
53162,D
53172,B
53174,D
53176,E
53211,C
53227,B
53232,C
53234,B
53237,A
53244,D
53248,B
53256,A
53258,A
53261,C
53265,C
53273,D
53280,C
53290,C
53293,B
53303,A
53318,B
53320,B
53326,A
53332,B
53334,D
53343,A
53369,C
53372,A
53385,B
53392,B
53396,B
53398,C
53408,C
53410,C
53412,D
53428,B
53438,B
53460,C
53465,A
53468,C
53480,B
53520,D
53526,C
53540,B
53565,B
53566,A
53582,B
53612,C
53619,D
53632,C
53635,C
53652,C
53685,B
53693,A
53694,B
53703,C
53724,A
53730,B
53742,A
53746,C
53762,A
53764,C
53775,B
53801,A
53814,C
53824,D
53831,D
53845,C
53850,C
53852,D
53858,A
53860,C
53862,D
53902,D
53904,C
53905,A
53906,A
53908,A
53910,C
53917,C
53927,B
53928,B
53931,A
53940,A
53941,E
53945,B
53952,B
53956,C
53966,B
53970,C
54007,B
54023,C
54025,C
54062,E
54079,D
54089,B
54101,B
54111,A
54121,C
54128,B
54134,D
54153,C
54154,A
54167,D
54169,A
54177,C
54179,E
54184,C
54199,C
54205,B
54206,A
54207,C
54214,A
54220,B
54226,C
54234,D
54243,B
54251,A
54273,B
54282,C
54290,A
54312,B
54322,D
54325,B
54336,B
54352,E
54362,D
54364,B
54375,C
54383,C
54386,C
54388,B
54395,C
54400,D
54401,C
54409,E
54420,A
54426,C
54428,B
54434,C
54437,D
54454,B
54457,B
54463,B
54464,A
54481,B
54492,A
54499,D
54504,D
54506,C
54517,B
54536,D
54543,D
54548,A
54556,B
54562,E
54570,B
54575,D
54587,E
54601,A
54609,A
54614,D
54618,C
54619,B
54633,D
54640,E
54642,C
54644,C
54647,C
54652,B
54654,B
54688,D
54691,C
54695,A
54696,D
54711,C
54718,E
54720,D
54732,C
54748,C
54759,B
54760,A
54768,C
54769,D
54780,B
54785,C
54793,C
54800,B
54806,C
54811,B
54820,C
54827,C
54828,C
54832,C
54837,A
54847,A
54862,D
54872,C
54879,B
54904,C
54937,B
54938,C
54960,B
54970,B
54972,B
54974,C
54995,C
55029,C
55037,C
55046,B
55057,A
55059,E
55074,B
55086,A
55113,B
55115,B
55121,C
55127,C
55139,E
55141,B
55142,B
55148,C
55162,D
55172,C
55187,E
55190,C
55222,E
55223,C
55229,A
55236,F
55285,B
55288,E
55303,C
55327,B
55330,B
55333,A
55356,D
55365,D
55386,A
55391,C
55403,C
55407,B
55414,A
55415,A
55423,C
55424,D
55430,A
55440,A
55458,A
55459,D
55473,C
55476,A
55484,E
55488,A
55508,B
55514,C
55533,D
55541,C
55547,B
55566,C
55582,B
55587,A
55613,C
55615,B
55620,B
55651,C
55655,B
55656,B
55664,D
55665,C
55670,B
55683,C
55717,B
55730,A
55740,A
55750,F
55756,B
55757,C
55761,C
55773,D
55798,A
55800,B
55802,B
55828,A
55853,C
55858,D
55860,B
55866,B
55881,B
55896,A
55898,D
55918,C
55935,B
55942,C
55944,B
55950,A
55955,B
55960,A
56005,C
56058,D
56069,A
56082,C
56088,A
56089,D
56103,C
56112,C
56117,A
56122,B
56127,E
56134,B
56140,D
56179,A
56196,D
56198,C
56201,C
56206,D
56224,B
56226,C
56233,A
56241,D
56251,D
56255,C
56257,C
56267,B
56271,A
56274,C
56279,B
56280,D
56287,B
56309,C
56320,C
56362,C
56367,D
56375,B
56380,B
56387,D
56395,C
56420,A
56427,C
56437,B
56438,B
56449,B
56491,C
56500,C
56504,D
56516,A
56528,C
56531,D
56539,D
56540,B
56544,E
56554,C
56559,D
56571,C
56595,D
56608,B
56611,C
56613,A
56615,B
56616,C
56629,A
56630,E
56637,D
56641,B
56650,B
56662,B
56667,C
56669,C
56675,A
56678,C
56683,A
56689,C
56699,A
56726,C
56727,D
56728,B
56731,B
56740,E
56748,C
56753,D
56756,C
56776,D
56777,D
56779,B
56788,B
56797,A
56815,B
56820,C
56832,C
56834,C
56836,C
56849,C
56850,D
56852,C
56853,C
56867,C
56871,B
56876,C
56898,C
56901,E
56912,C
56914,B
56915,C
56920,A
56923,B
56928,A
56958,B
56965,C
56967,A
56975,A
56980,C
56988,A
56994,B
57004,C
57012,B
57015,A
57023,A
57031,B
57042,D
57047,D
57050,C
57057,B
57063,B
57073,B
57074,C
57085,E
57101,C
57106,A
57110,B
57114,C
57125,B
57126,C
57147,C
57154,D
57156,D
57165,D
57166,C
57178,A
57184,C
57187,C
57189,A
57206,D
57207,C
57211,A
57222,A
57225,B
57267,C
57282,C
57287,C
57296,C
57300,C
57312,D
57313,B
57315,D
57318,C
57328,C
57335,B
57357,B
57360,A
57362,E
57367,B
57379,B
57381,A
57385,B
57386,B
57392,A
57415,E
57418,A
57438,B
57461,C
57464,C
57485,C
57498,C
57549,C
57554,B
57555,C
57568,A
57574,E
57576,A
57601,A
57612,A
57620,B
57629,B
57635,B
57648,C
57653,B
57659,C
57665,A
57684,A
57691,A
57701,C
57709,C
57713,E
57724,B
57753,A
57761,B
57765,B
57766,C
57780,D
57798,B
57810,E
57813,E
57817,A
57832,B
57835,A
57836,C
57838,D
57878,A
57881,A
57885,B
57904,A
57908,B
57909,C
57916,B
57918,A
57933,C
57937,C
57938,D
57941,B
57946,C
57952,B
57958,C
57960,B
57974,A
57980,A
57994,C
58002,A
58007,E
58032,A
58046,A
58070,A
58088,B
58103,D
58126,D
58145,A
58150,B
58169,B
58174,D
58197,D
58204,C
58206,C
58209,A
58214,C
58219,B
58256,D
58270,C
58272,B
58291,D
58304,C
58315,B
58317,A
58319,A
58326,D
58330,C
58338,A
58341,A
58360,B
58362,E
58365,C
58372,D
58375,E
58377,B
58383,A
58387,D
58393,E
58396,A
58401,A
58412,A
58417,C
58437,B
58441,D
58448,B
58461,D
58472,C
58477,B
58478,B
58484,D
58518,A
58536,C
58576,B
58598,C
58601,E
58622,C
58628,A
58633,B
58656,C
58671,B
58680,B
58684,B
58685,D
58695,D
58705,B
58713,C
58727,D
58737,B
58745,C
58750,B
58752,B
58757,B
58776,C
58777,A
58797,B
58826,A
58833,B
58838,A
58841,D
58849,F
58891,C
58915,A
58927,A
58938,C
58952,E
58954,C
58957,B
58971,B
59003,A
59007,D
59017,D
59030,C
59044,B
59046,B
59049,B
59053,C
59057,B
59071,C
59076,E
59096,A
59098,D
59099,C
59100,C
59106,A
59109,C
59120,C
59123,B
59128,D
59132,C
59153,C
59161,D
59162,D
59167,C
59175,C
59181,B
59182,A
59190,A
59195,C
59198,C
59212,C
59214,B
59216,A
59225,B
59228,E
59234,B
59263,C
59264,A
59273,B
59274,B
59289,B
59290,C
59291,A
59306,D
59307,C
59310,C
59314,C
59324,A
59327,A
59346,A
59353,C
59362,D
59371,E
59374,A
59384,B
59395,C
59396,E
59398,C
59399,B
59403,A
59416,C
59417,C
59425,E
59442,B
59468,C
59504,A
59517,B
59520,A
59540,C
59556,D
59563,B
59575,C
59583,B
59592,B
59595,C
59613,C
59615,B
59627,A
59635,D
59638,C
59644,B
59653,F
59659,C
59665,E
59677,A
59716,C
59720,D
59732,B
59740,B
59749,B
59766,A
59767,A
59780,A
59781,C
59801,A
59803,A
59808,C
59810,D
59823,E
59831,C
59834,B
59841,D
59856,B
59859,A
59861,A
59890,A
59896,C
59903,C
59918,D
59925,C
59933,E
59935,C
59936,E
59942,D
59948,C
59974,C
59985,C
59986,C
59988,D
60004,E
60005,A
60010,B
60013,C
60036,C
60050,C
60054,A
60055,C
60058,D
60064,B
60078,C
60102,A
60124,C
60158,C
60159,C
60169,A
60175,C
60189,B
60205,B
60209,C
60217,D
60221,C
60244,B
60245,E
60246,A
60248,B
60252,C
60259,B
60270,B
60277,A
60279,A
60282,B
60287,B
60299,A
60305,E
60322,C
60325,B
60326,C
60333,C
60338,C
60351,C
60354,C
60355,D
60356,B
60361,C
60365,A
60383,A
60386,C
60397,A
60411,C
60420,B
60423,C
60435,C
60443,B
60462,E
60496,A
60498,C
60515,A
60521,C
60526,B
60528,D
60547,B
60549,C
60551,B
60559,A
60561,C
60601,C
60605,F
60613,C
60628,C
60639,B
60645,C
60666,B
60676,D
60685,B
60692,A
60694,B
60706,A
60727,C
60729,B
60734,C
60769,E
60799,B
60800,C
60805,C
60806,C
60812,D
60815,E
60820,A
60824,D
60834,C
60840,C
60844,A
60853,A
60855,A
60871,B
60917,C
60924,E
60945,A
60949,A
60950,B
60951,B
60955,B
61015,E
61024,A
61025,E
61029,B
61031,C
61032,A
61042,C
61045,B
61055,C
61061,A
61070,D
61077,C
61084,C
61106,B
61127,A
61138,B
61162,B
61170,A
61186,A
61190,B
61197,B
61204,C
61209,C
61224,C
61235,C
61252,B
61293,C
61322,B
61323,C
61325,C
61326,C
61337,A
61346,D
61347,A
61354,A
61355,B
61365,C
61368,D
61372,D
61375,C
61395,C
61406,E
61416,C
61417,C
61419,B
61426,A
61459,B
61500,A
61512,A
61513,E
61545,B
61551,B
61557,A
61567,C
61587,C
61589,A
61593,A
61602,D
61615,C
61626,C
61628,A
61630,D
61636,F
61642,B
61646,C
61649,F
61652,B
61655,C
61657,B
61662,D
61670,D
61678,C
61684,C
61697,B
61717,B
61721,C
61723,B
61740,B
61762,B
61764,D
61772,D
61776,E
61785,B
61799,E
61808,B
61815,B
61817,A
61819,B
61829,C
61844,D
61845,B
61852,B
61853,A
61856,C
61858,B
61867,B
61894,B
61905,A
61912,D
61933,B
61944,A
61967,D
61980,D
61981,B
61982,C
61984,A
61991,C
62012,A
62019,A
62035,E
62086,B
62088,D
62099,B
62108,C
62122,D
62136,C
62140,B
62143,C
62145,B
62176,B
62177,A
62183,A
62186,C
62189,A
62193,B
62202,B
62204,E
62211,A
62212,D
62227,C
62229,D
62234,B
62243,D
62246,C
62251,B
62269,D
62272,C
62281,B
62298,C
62321,C
62329,C
62332,C
62334,B
62351,C
62366,B
62374,B
62383,B
62387,C
62389,B
62391,C
62407,A
62410,A
62432,F
62445,D
62451,C
62456,C
62463,C
62465,A
62478,A
62482,B
62483,C
62491,C
62495,D
62510,C
62524,C
62526,C
62559,C
62560,B
62576,C
62578,F
62585,E
62587,B
62616,C
62617,A
62619,C
62625,B
62630,C
62640,B
62664,B
62702,A
62723,A
62736,C
62742,B
62745,B
62751,C
62771,D
62795,B
62797,B
62801,D
62817,A
62844,D
62851,B
62861,B
62874,A
62911,A
62921,A
62934,C
62941,B
62943,B
62974,B
62979,A
62980,B
62987,B
63001,C
63011,C
63017,F
63019,D
63020,D
63021,A
63023,B
63028,B
63053,B
63064,C
63067,C
63073,E
63083,E
63095,C
63104,C
63109,B
63125,D
63136,D
63152,C
63153,B
63163,B
63170,A
63174,C
63221,A
63226,D
63241,D
63249,A
63272,C
63279,D
63301,F
63321,B
63327,C
63331,A
63361,A
63373,D
63387,A
63390,B
63392,C
63412,C
63437,C
63453,B
63459,E
63471,B
63479,D
63480,C
63484,D
63486,C
63499,C
63502,C
63503,B
63514,A
63516,B
63519,B
63528,A
63533,E
63537,D
63538,B
63556,B
63557,A
63560,A
63562,B
63567,C
63581,A
63595,C
63611,B
63632,C
63634,B
63635,C
63639,C
63641,D
63647,C
63651,D
63656,C
63670,B
63728,C
63734,A
63738,C
63741,B
63748,A
63754,A
63760,C
63787,C
63798,E
63802,C
63826,A
63840,B
63854,C
63865,C
63922,A
63923,C
63927,B
63929,C
63944,B
63945,B
63962,E
63971,B
63987,C
63993,B
64009,B
64014,A
64019,B
64021,C
64040,C
64045,B
64047,C
64058,A
64063,C
64076,A
64108,C
64133,C
64156,B
64166,E
64173,C
64180,C
64185,C
64193,D
64195,A
64211,E
64217,A
64225,C
64236,B
64242,C
64252,D
64297,A
64300,E
64319,B
64331,B
64346,C
64350,B
64355,C
64359,B
64365,E
64369,C
64375,C
64382,C
64384,C
64387,C
64391,C
64393,A
64398,A
64407,C
64411,C
64416,D
64430,C
64454,C
64461,D
64482,C
64485,C
64490,C
64494,E
64508,D
64512,C
64519,C
64523,E
64524,C
64554,D
64556,C
64568,A
64569,A
64577,B
64601,C
64609,B
64611,A
64614,C
64621,B
64624,A
64625,C
64626,B
64645,B
64683,C
64699,C
64707,B
64712,C
64723,B
64730,C
64736,B
64757,B
64802,B
64813,B
64818,D
64834,D
64837,E
64842,A
64863,B
64865,A
64867,A
64872,C
64877,C
64892,C
64894,D
64900,C
64902,A
64906,A
64909,E
64928,C
64930,B
64932,B
64954,A
64956,B
64974,C
64992,C
65023,C
65027,A
65028,C
65030,A
65040,A
65068,D
65070,B
65091,A
65117,C
65122,C
65125,A
65138,D
65139,B
65145,D
65152,B
65158,F
65184,A
65189,D
65207,D
65208,E
65220,D
65258,C
65302,B
65321,B
65338,B
65339,D
65347,C
65357,B
65362,C
65380,F
65399,B
65407,D
65418,B
65423,B
65427,A
65429,C
65437,E
65439,D
65450,C
65466,C
65481,C
65497,A
65520,D
65521,D
65523,C
65530,C
65560,C
65563,C
65570,A
65575,C
65579,C
65587,B
65597,C
65600,B
65605,C
65624,B
65659,B
65661,E
65666,B
65667,E
65730,B
65740,B
65767,A
65773,B
65781,C
65793,D
65797,A
65811,D
65812,B
65823,C
65869,F
65883,A
65893,C
65902,B
65915,A
65942,C
65946,C
65947,E
65949,A
65951,D
65985,C
65993,D
66012,B
66013,D
66024,C
66039,D
66056,C
66088,C
66089,A
66097,C
66101,B
66121,B
66151,B
66168,B
66171,C
66176,A
66189,A
66199,A
66202,C
66207,C
66208,C
66216,C
66229,D
66234,E
66235,B
66236,B
66246,B
66256,D
66261,B
66293,C
66295,B
66296,C
66311,C
66316,A
66333,A
66337,C
66341,B
66344,C
66354,E
66361,C
66368,B
66372,B
66381,A
66385,B
66397,C
66408,D
66428,A
66435,C
66442,B
66449,C
66464,B
66470,C
66473,B
66489,E
66502,A
66523,C
66545,C
66547,B
66550,C
66558,B
66559,A
66560,C
66563,C
66570,C
66579,D
66595,B
66596,C
66624,B
66638,A
66644,C
66656,F
66662,B
66682,A
66691,B
66731,B
66736,C
66746,C
66756,C
66764,A
66771,B
66773,B
66784,A
66788,E
66795,B
66801,A
66815,C
66817,A
66843,B
66861,E
66891,A
66892,D
66893,C
66896,C
66914,F
66919,C
66922,B
66929,A
66934,D
66939,D
66943,B
66950,B
66954,C
66959,B
66971,C
66973,B
66975,B
66986,A
66990,B
66992,F
67000,A
67012,A
67024,B
67033,E
67040,D
67042,A
67074,B
67097,C
67100,B
67103,B
67104,E
67110,D
67122,C
67163,B
67171,C
67180,C
67183,C
67190,D
67204,A
67208,C
67209,B
67222,D
67223,C
67236,B
67242,B
67244,A
67292,B
67294,D
67338,A
67348,A
67357,C
67372,C
67391,C
67401,D
67416,D
67419,B
67422,A
67425,C
67444,A
67448,A
67452,C
67475,C
67476,A
67479,C
67486,A
67493,A
67498,A
67506,B
67521,B
67541,C
67543,C
67568,B
67569,A
67573,A
67578,B
67599,E
67623,B
67625,B
67654,E
67660,B
67661,B
67697,B
67706,A
67733,B
67737,B
67739,E
67772,B
67780,A
67787,D
67794,A
67804,B
67805,C
67821,C
67836,D
67842,E
67855,A
67866,C
67876,B
67885,D
67897,A
67913,A
67920,B
67925,A
67926,C
67929,B
67931,C
67937,A
67950,A
67951,A
67968,C
67984,B
67995,D
67996,A
67999,B
68000,B
68006,B
68016,C
68019,B
68130,B
68132,B
68141,A
68144,B
68148,D
68152,A
68171,B
68179,D
68185,A
68186,C
68192,B
68202,D
68209,C
68212,D
68220,C
68221,C
68224,A
68233,E
68247,B
68253,A
68264,A
68271,A
68279,B
68280,D
68283,C
68287,B
68324,B
68325,B
68331,C
68346,A
68371,B
68374,D
68376,B
68386,D
68397,C
68405,B
68410,A
68417,D
68457,B
68463,C
68466,B
68469,D
68477,B
68484,B
68488,B
68499,B
68503,E
68506,C
68531,C
68546,B
68548,C
68551,A
68552,B
68557,B
68558,A
68560,A
68571,B
68583,B
68597,D
68599,C
68602,A
68608,E
68609,D
68633,E
68663,C
68664,D
68666,B
68667,E
68671,E
68675,C
68685,C
68691,E
68697,D
68707,D
68708,D
68722,D
68726,C
68739,E
68747,A
68759,E
68760,F
68770,E
68783,C
68802,C
68808,B
68834,B
68837,C
68842,A
68855,E
68889,A
68903,B
68918,D
68923,D
68926,C
68929,B
68946,A
68947,C
68951,A
68952,D
68954,D
68960,E
68968,E
69006,C
69046,C
69061,A
69062,C
69072,C
69081,A
69083,D
69085,B
69098,A
69108,B
69109,B
69113,B
69119,C
69120,A
69123,A
69124,C
69131,D
69132,A
69137,B
69176,E
69198,D
69202,A
69206,B
69207,D
69222,F
69227,B
69233,C
69239,A
69261,B
69264,D
69270,D
69271,C
69281,D
69299,C
69307,A
69318,D
69334,C
69358,B
69391,A
69392,D
69393,D
69416,C
69421,C
69424,B
69435,B
69441,C
69444,B
69463,C
69465,A
69470,E
69487,B
69494,C
69496,C
69500,C
69513,D
69520,B
69544,C
69573,D
69576,D
69591,B
69598,D
69604,C
69605,C
69611,A
69620,C
69622,B
69628,C
69630,F
69634,C
69661,A
69668,C
69674,C
69677,C
69678,B
69695,B
69709,B
69741,C
69749,E
69752,E
69753,B
69757,C
69760,D
69766,A
69767,D
69798,D
69813,D
69831,C
69852,B
69861,B
69884,C
69895,C
69909,E
69932,D
69937,B
69952,C
69968,C
69973,C
69983,C
69987,C
69990,C
69992,C
69997,C
69998,B
70002,B
70004,C
70023,B
70024,D
70028,D
70029,D
70053,A
70064,E
70072,D
70093,C
70094,B
70123,A
70133,A
70140,A
70146,A
70160,A
70165,B
70169,C
70189,D
70194,C
70221,D
70222,B
70231,B
70242,E
70291,C
70295,C
70296,B
70299,D
70321,A
70324,D
70326,E
70327,B
70330,B
70337,D
70349,A
70356,B
70360,C
70363,C
70367,C
70378,C
70390,E
70397,C
70408,E
70415,B
70419,C
70437,D
70438,E
70461,D
70482,D
70485,C
70502,B
70517,B
70523,A
70530,C
70547,B
70553,D
70569,D
70585,B
70587,C
70590,C
70607,D
70621,C
70624,B
70628,D
70636,B
70642,B
70645,C
70668,D
70703,A
70715,C
70724,A
70748,E
70757,C
70758,C
70773,E
70782,A
70792,A
70802,A
70808,A
70833,A
70847,A
70864,B
70870,B
70888,A
70892,D
70914,C
70919,B
70932,C
70938,B
70940,A
71011,C
71017,C
71019,D
71021,C
71023,A
71037,B
71040,C
71045,C
71048,C
71057,A
71060,B
71074,A
71075,D
71076,B
71092,B
71130,C
71149,D
71151,C
71158,D
71159,C
71172,B
71174,E
71188,C
71199,B
71201,A
71214,A
71228,B
71239,C
71296,C
71313,D
71325,D
71333,C
71341,D
71348,B
71375,C
71385,E
71387,C
71395,A
71398,A
71415,C
71416,B
71419,A
71430,D
71443,A
71446,A
71450,B
71452,C
71459,B
71462,B
71465,C
71480,B
71481,B
71485,D
71492,C
71495,D
71502,D
71563,B
71588,D
71590,C
71611,C
71613,B
71642,B
71670,B
71688,D
71689,C
71704,D
71711,A
71725,E
71735,C
71748,D
71754,C
71761,C
71776,D
71782,D
71785,B
71797,C
71812,B
71816,C
71825,B
71845,B
71857,B
71873,C
71883,A
71890,A
71899,C
71900,C
71910,A
71921,A
71926,B
71932,B
71933,C
71944,F
71950,C
71956,D
71959,C
71982,B
71993,C
72035,A
72065,D
72072,A
72093,C
72094,B
72099,D
72110,A
72116,C
72139,D
72152,A
72153,B
72162,C
72167,D
72173,C
72185,C
72194,C
72198,B
72205,B
72206,E
72210,C
72212,D
72222,B
72224,C
72245,C
72247,D
72263,B
72280,C
72287,D
72296,B
72314,E
72332,B
72338,D
72348,B
72356,C
72361,A
72364,B
72390,C
72393,B
72399,C
72406,A
72431,B
72455,B
72461,C
72462,B
72464,C
72477,A
72479,C
72482,A
72488,A
72500,B
72514,D
72519,B
72560,C
72562,B
72572,E
72604,A
72606,A
72617,C
72619,A
72622,B
72628,A
72633,B
72638,C
72640,B
72644,C
72660,A
72675,D
72677,C
72679,C
72682,B
72686,B
72688,A
72704,D
72706,C
72720,A
72721,B
72731,C
72735,A
72740,C
72745,C
72754,C
72762,A
72769,C
72780,E
72819,B
72820,C
72822,A
72828,C
72846,A
72867,A
72872,A
72880,A
72891,E
72892,D
72897,C
72899,C
72901,C
72903,C
72927,C
72939,C
72941,A
72966,C
72980,C
72992,B
72993,B
73016,A
73026,B
73028,D
73065,A
73071,C
73075,B
73086,B
73097,D
73101,B
73118,A
73125,A
73127,B
73152,D
73175,B
73219,B
73231,A
73248,A
73257,B
73271,D
73280,B
73292,D
73300,C
73305,D
73308,B
73316,A
73377,A
73385,E
73396,C
73405,C
73406,B
73455,C
73463,C
73471,D
73479,B
73480,D
73488,B
73494,B
73496,C
73504,A
73517,D
73520,D
73530,B
73543,E
73556,C
73583,E
73586,B
73629,C
73639,E
73648,E
73654,C
73655,C
73660,A
73661,A
73668,C
73679,C
73686,B
73693,A
73697,C
73722,C
73729,B
73740,A
73741,A
73747,C
73758,D
73785,A
73811,B
73837,C
73845,C
73848,C
73863,C
73864,B
73877,E
73880,E
73884,C
73895,F
73904,B
73923,D
73930,C
73936,B
73948,A
73979,C
73983,A
73986,A
73987,C
73988,C
73995,A
74007,D
74023,C
74031,C
74041,C
74042,D
74047,D
74048,A
74055,C
74084,D
74085,D
74098,B
74099,B
74116,C
74142,A
74153,C
74154,C
74158,B
74173,C
74175,D
74192,A
74199,B
74200,F
74208,C
74219,A
74221,A
74224,B
74241,C
74244,A
74250,E
74271,B
74276,C
74293,C
74297,B
74301,B
74306,D
74311,A
74315,B
74334,A
74337,A
74341,A
74345,E
74380,A
74393,B
74403,B
74411,C
74422,D
74424,C
74432,A
74433,A
74439,C
74455,C
74467,A
74502,B
74503,B
74508,D
74512,B
74536,A
74549,D
74550,B
74556,A
74558,D
74563,D
74581,C
74592,C
74597,B
74599,C
74603,B
74605,A
74609,C
74615,C
74620,D
74621,E
74623,C
74626,C
74630,C
74646,A
74672,D
74706,C
74709,D
74710,A
74735,C
74740,C
74747,D
74758,C
74782,C
74784,C
74795,C
74799,B
74810,B
74818,C
74821,C
74824,C
74828,D
74832,B
74841,D
74848,D
74853,C
74877,C
74881,C
74882,C
74884,B
74900,E
74929,C
74953,B
74983,A
74985,B
74991,B
74994,D
75003,B
75016,B
75017,B
75023,A
75033,C
75041,B
75047,A
75053,D
75059,D
75067,C
75088,A
75093,A
75121,B
75127,D
75130,A
75145,B
75151,B
75153,B
75172,B
75190,C
75206,A
75216,B
75236,C
75242,D
75243,B
75245,C
75246,B
75248,A
75257,B
75273,A
75286,C
75295,B
75297,B
75299,A
75305,D
75315,B
75324,D
75331,C
75336,C
75351,C
75353,D
75355,D
75364,C
75391,B
75395,B
75397,B
75409,D
75415,D
75422,E
75440,B
75443,E
75456,B
75484,A
75496,C
75506,B
75516,E
75525,D
75529,C
75530,B
75548,D
75551,B
75572,D
75573,B
75607,C
75628,C
75634,C
75692,C
75695,A
75712,B
75715,E
75718,E
75727,C
75733,C
75743,A
75746,D
75748,B
75750,C
75758,D
75761,C
75763,C
75766,C
75771,A
75777,D
75794,D
75845,C
75866,D
75875,A
75876,C
75896,D
75908,B
75917,C
75921,A
75936,B
75954,C
75960,D
75962,C
75965,A
75968,E
75971,C
75979,A
75980,A
75985,C
76000,C
76014,B
76030,B
76043,A
76050,C
76057,A
76060,B
76061,A
76072,B
76080,B
76099,B
76125,C
76159,B
76163,D
76173,C
76186,A
76195,E
76201,B
76220,B
76226,C
76229,D
76232,E
76236,C
76244,E
76245,C
76249,D
76261,D
76268,C
76285,C
76293,A
76299,B
76315,C
76319,D
76324,C
76335,B
76354,D
76356,A
76364,B
76387,C
76397,C
76398,B
76401,A
76408,B
76409,A
76430,C
76438,D
76451,B
76470,B
76488,F
76498,B
76499,D
76508,E
76516,B
76525,C
76531,D
76542,A
76562,B
76564,C
76580,C
76582,D
76600,C
76601,C
76607,C
76608,A
76630,C
76652,D
76658,B
76672,B
76676,D
76679,C
76704,B
76708,C
76751,B
76787,B
76801,D
76808,B
76825,B
76828,C
76829,B
76831,B
76834,B
76847,B
76861,A
76864,C
76887,B
76888,E
76892,C
76893,B
76902,B
76911,B
76917,A
76922,A
76932,D
76960,E
76976,A
76986,C
76993,B
77020,C
77022,D
77033,C
77039,E
77050,A
77066,A
77068,C
77080,E
77117,C
77134,A
77142,D
77153,A
77154,A
77163,A
77173,A
77177,B
77192,E
77193,B
77199,B
77200,D
77220,B
77231,B
77237,A
77242,C
77243,D
77273,A
77286,C
77336,C
77340,B
77345,B
77349,E
77363,B
77371,B
77397,C
77404,B
77405,B
77412,B
77415,C
77416,D
77421,C
77428,C
77433,B
77439,B
77445,B
77461,D
77471,B
77491,A
77515,A
77523,B
77533,B
77544,A
77548,C
77554,A
77565,C
77580,B
77594,C
77613,B
77618,A
77622,B
77630,A
77650,C
77658,C
77670,B
77680,B
77684,D
77722,B
77735,B
77741,B
77756,B
77757,C
77760,E
77770,D
77788,A
77792,A
77810,B
77816,C
77819,C
77823,C
77826,C
77836,A
77867,C
77894,C
77895,A
77897,B
77898,B
77921,E
77927,B
77937,E
77949,D
77957,B
77965,C
77966,B
77970,A
77981,C
77996,D
78009,C
78021,B
78025,C
78029,B
78034,B
78041,A
78056,A
78058,B
78079,C
78087,B
78111,C
78126,A
78128,E
78135,F
78144,B
78167,E
78174,C
78185,A
78194,C
78217,D
78218,B
78220,C
78247,C
78249,D
78258,B
78266,E
78282,B
78300,C
78302,B
78310,B
78316,A
78317,C
78319,C
78321,D
78325,B
78332,B
78343,D
78357,C
78365,C
78373,D
78392,B
78404,E
78419,C
78422,C
78434,A
78440,C
78448,D
78474,C
78482,B
78497,B
78500,A
78504,A
78508,B
78512,E
78541,C
78548,B
78549,B
78556,B
78576,B
78579,B
78582,D
78591,A
78606,B
78618,E
78624,D
78630,D
78631,B
78640,D
78656,B
78658,D
78672,C
78675,E
78676,B
78683,C
78691,B
78708,B
78732,C
78743,B
78787,A
78819,B
78901,B
78921,B
78922,D
78930,C
78942,C
78944,C
78946,B
78954,C
78959,D
78966,C
78970,A
78979,B
78987,B
79001,A
79018,F
79026,B
79040,A
79042,A
79046,E
79066,B
79074,B
79097,C
79100,A
79103,C
79126,C
79136,C
79144,D
79152,C
79159,B
79165,A
79166,A
79167,B
79169,B
79183,D
79184,C
79211,A
79236,B
79286,C
79301,B
79303,B
79327,B
79333,E
79336,E
79344,C
79346,A
79354,C
79357,B
79376,D
79390,D
79404,B
79405,A
79412,C
79419,D
79433,C
79440,D
79443,C
79451,A
79453,D
79462,C
79463,E
79472,B
79476,D
79486,B
79519,A
79521,B
79530,C
79532,B
79534,B
79545,B
79551,D
79558,E
79592,C
79601,C
79602,E
79613,B
79614,E
79618,C
79623,C
79626,C
79635,B
79673,C
79675,A
79698,D
79711,C
79724,A
79735,D
79736,A
79753,F
79761,D
79773,B
79775,C
79788,C
79797,E
79813,B
79818,C
79827,D
79849,A
79859,B
79870,C
79877,B
79886,E
79890,A
79899,C
79900,A
79911,C
79914,A
79916,C
79917,A
79920,B
79923,B
79935,A
79958,C
79967,A
79985,B
80000,B
80004,B
80005,D
80015,C
80018,C
80044,D
80073,B
80076,A
80095,B
80102,E
80110,C
80120,B
80128,D
80140,C
80155,B
80161,C
80184,B
80228,C
80234,A
80252,A
80253,C
80254,C
80260,C
80261,B
80277,B
80279,C
80283,C
80285,A
80290,B
80325,B
80329,C
80331,C
80333,D
80357,C
80371,C
80382,B
80393,C
80394,B
80419,C
80428,E
80433,A
80436,B
80457,B
80458,B
80463,D
80481,C
80484,C
80487,C
80509,A
80519,B
80528,B
80557,C
80583,D
80603,D
80660,A
80682,B
80692,B
80696,B
80711,C
80715,B
80735,C
80742,C
80761,D
80783,A
80788,B
80795,C
80796,C
80801,A
80815,B
80847,B
80864,B
80876,A
80909,C
80911,C
80919,A
80936,D
80937,A
80944,C
80946,E
80955,D
80997,C
81019,B
81026,B
81029,B
81040,B
81054,D
81062,B
81092,C
81115,B
81128,C
81131,B
81142,A
81147,C
81154,A
81155,B
81161,C
81213,B
81215,C
81218,C
81219,E
81256,A
81257,D
81261,B
81268,B
81275,B
81287,C
81288,A
81294,C
81295,E
81325,C
81338,B
81345,C
81362,D
81365,C
81368,D
81372,C
81378,C
81379,D
81383,C
81387,B
81396,D
81398,E
81403,B
81426,C
81444,E
81446,A
81448,A
81452,C
81454,B
81465,A
81491,C
81499,A
81506,B
81530,B
81535,B
81545,C
81546,A
81552,B
81554,C
81557,B
81568,C
81579,D
81583,A
81611,A
81612,C
81628,C
81629,D
81643,C
81655,B
81660,B
81672,C
81676,D
81685,B
81686,B
81719,C
81722,D
81735,A
81749,B
81753,C
81785,C
81797,B
81811,A
81837,C
81851,D
81876,A
81881,E
81885,E
81895,C
81902,D
81925,A
81931,A
81936,D
81943,C
81950,B
81951,F
81952,D
81963,B
81964,B
81976,D
81982,D
81985,B
81987,D
81990,C
81997,C
82004,B
82012,C
82029,D
82051,C
82057,A
82060,D
82062,C
82070,A
82087,E
82091,C
82095,D
82096,A
82109,B
82111,D
82128,C
82139,C
82153,A
82173,C
82205,B
82222,B
82232,B
82235,C
82241,B
82245,A
82247,A
82260,D
82264,A
82277,A
82281,D
82286,A
82300,A
82320,D
82329,D
82362,B
82367,C
82378,B
82396,B
82413,B
82424,D
82429,D
82431,A
82433,D
82434,C
82438,C
82445,C
82446,F
82479,C
82493,C
82500,A
82511,B
82521,B
82531,D
82545,E
82546,B
82551,C
82584,A
82585,B
82589,E
82590,D
82596,A
82601,A
82607,B
82615,B
82617,A
82633,C
82637,D
82653,C
82658,D
82660,A
82663,B
82665,C
82704,C
82711,D
82723,B
82729,C
82748,F
82753,D
82762,B
82767,B
82768,B
82803,C
82818,A
82835,D
82838,D
82863,A
82885,A
82920,B
82934,B
82939,A
82952,B
82954,B
82978,A
82984,B
82995,A
83001,B
83005,C
83024,C
83028,C
83052,A
83064,A
83080,D
83085,B
83101,A
83109,A
83121,C
83124,D
83131,A
83141,A
83155,C
83165,B
83181,A
83183,B
83189,C
83191,C
83202,D
83222,C
83226,C
83230,E
83232,C
83243,B
83250,C
83258,C
83267,B
83271,C
83274,C
83286,A
83296,A
83310,C
83324,E
83325,D
83361,C
83392,A
83400,B
83408,F
83421,C
83425,B
83429,A
83437,A
83446,D
83461,D
83462,A
83471,D
83472,D
83488,A
83516,C
83523,C
83551,C
83576,B
83588,B
83600,C
83602,C
83608,A
83610,B
83615,C
83623,B
83624,A
83640,A
83650,D
83652,C
83656,B
83661,C
83691,B
83698,C
83717,B
83730,B
83732,C
83741,D
83752,A
83758,A
83764,B
83766,D
83774,C
83791,C
83793,B
83800,A
83802,C
83813,C
83827,C
83840,C
83853,C
83864,D
83866,C
83876,C
83878,D
83883,C
83890,F
83899,E
83903,B
83913,C
83925,C
83926,A
83928,D
83935,D
83938,A
83944,C
83949,B
83959,B
83988,A
83993,B
83996,C
84005,D
84013,D
84015,D
84025,B
84042,C
84050,C
84054,C
84071,E
84096,C
84115,C
84117,B
84121,A
84124,B
84142,A
84153,A
84158,A
84164,D
84173,C
84191,C
84220,B
84245,C
84247,B
84249,C
84261,B
84265,C
84288,C
84307,B
84309,E
84315,C
84317,B
84351,B
84358,B
84361,E
84362,C
84370,F
84383,A
84390,A
84407,B
84415,B
84422,A
84427,D
84431,C
84454,B
84457,A
84462,B
84465,D
84511,C
84514,C
84526,A
84547,C
84550,D
84556,C
84559,C
84571,C
84586,A
84593,E
84596,A
84599,B
84617,B
84619,A
84620,B
84657,B
84674,B
84684,B
84685,A
84700,C
84707,C
84723,B
84737,D
84741,A
84742,E
84751,C
84766,A
84769,D
84776,C
84790,D
84795,A
84813,A
84822,C
84839,C
84847,C
84853,F
84857,B
84862,D
84867,B
84872,C
84874,C
84893,C
84903,B
84905,E
84910,B
84920,C
84957,A
84963,A
84965,C
84972,A
84986,D
84991,D
84995,C
85008,C
85012,D
85037,C
85039,B
85042,C
85044,C
85059,D
85062,C
85078,A
85079,D
85084,A
85085,A
85104,B
85115,D
85137,A
85139,C
85146,B
85160,C
85171,D
85176,D
85193,D
85207,E
85221,E
85227,C
85243,D
85246,C
85254,C
85265,A
85270,B
85280,B
85287,D
85330,A
85334,E
85335,D
85349,C
85351,A
85359,C
85360,A
85361,C
85389,A
85392,F
85412,C
85413,B
85416,B
85420,D
85428,C
85460,B
85471,C
85492,B
85495,B
85503,C
85513,B
85536,C
85542,A
85544,A
85550,C
85560,D
85561,A
85569,D
85597,A
85598,C
85600,B
85611,C
85612,B
85619,B
85626,C
85629,A
85637,D
85647,D
85653,A
85683,C
85704,C
85716,C
85725,B
85726,C
85727,E
85744,B
85756,C
85767,A
85771,C
85777,B
85793,C
85795,D
85814,E
85817,C
85821,C
85829,A
85832,B
85834,C
85841,A
85850,B
85877,A
85878,D
85880,C
85896,A
85897,A
85930,A
85933,E
85938,B
85951,C
85973,A
85978,B
86006,C
86018,A
86023,C
86034,D
86037,C
86051,C
86059,D
86060,B
86075,B
86100,C
86108,E
86111,C
86117,A
86122,A
86146,C
86147,B
86155,C
86158,C
86165,A
86167,B
86172,C
86177,B
86193,C
86199,A
86203,D
86244,B
86258,C
86270,C
86275,A
86279,A
86288,B
86340,A
86355,B
86359,C
86398,A
86426,C
86429,A
86431,A
86438,A
86439,C
86440,C
86443,B
86475,C
86476,B
86477,A
86479,A
86485,C
86503,C
86519,D
86527,C
86534,A
86537,B
86538,A
86579,F
86583,A
86603,C
86611,B
86615,A
86623,C
86633,C
86636,C
86668,D
86683,A
86691,B
86694,A
86698,D
86701,A
86716,B
86719,C
86750,B
86751,A
86761,E
86769,B
86771,A
86780,D
86781,A
86782,C
86783,B
86811,C
86825,B
86832,A
86846,C
86854,A
86857,A
86860,D
86861,C
86877,B
86878,D
86888,B
86894,C
86902,C
86916,B
86956,C
86960,B
86969,C
86971,C
86975,A
86976,D
86999,B
87000,A
87006,C
87016,C
87045,D
87054,C
87060,B
87086,B
87087,B
87095,A
87097,B
87105,A
87106,D
87118,B
87128,A
87150,C
87156,D
87162,A
87163,B
87173,A
87177,D
87185,B
87191,A
87201,B
87214,B
87216,B
87220,D
87231,C
87235,D
87239,C
87242,F
87261,D
87264,B
87276,B
87304,B
87331,C
87359,A
87370,C
87379,B
87397,C
87400,B
87424,C
87436,C
87439,D
87445,D
87447,B
87479,B
87483,B
87491,C
87507,D
87515,C
87522,B
87535,B
87553,D
87571,B
87574,B
87581,A
87594,B
87597,E
87600,D
87602,C
87606,B
87611,D
87612,B
87615,C
87650,A
87652,C
87678,B
87689,C
87717,C
87725,D
87730,B
87735,D
87744,A
87751,B
87759,A
87761,B
87786,C
87796,B
87820,B
87823,C
87824,C
87825,C
87829,C
87851,A
87859,D
87864,A
87905,D
87920,A
87939,C
87940,E
87956,A
87961,B
87965,D
87968,D
87971,F
87989,A
87995,B
87998,B
88008,A
88011,A
88012,A
88015,B
88021,A
88027,C
88028,D
88048,A
88054,E
88058,D
88062,C
88064,B
88082,C
88085,A
88087,A
88089,B
88093,C
88116,C
88135,B
88145,C
88148,F
88154,C
88158,D
88161,C
88169,C
88171,C
88184,A
88194,C
88195,B
88201,B
88202,D
88213,B
88216,C
88243,C
88245,A
88271,A
88282,C
88292,C
88295,E
88301,B
88304,A
88313,D
88366,C
88378,D
88379,E
88389,D
88390,C
88408,C
88416,C
88430,A
88431,D
88435,B
88459,B
88466,B
88467,B
88487,A
88496,C
88497,C
88513,A
88537,A
88541,C
88544,C
88557,D
88595,D
88596,C
88604,E
88606,C
88607,C
88618,C
88630,D
88649,A
88664,B
88681,D
88695,C
88719,C
88727,A
88730,B
88745,B
88755,C
88756,A
88766,C
88782,D
88804,A
88811,C
88816,E
88820,E
88821,A
88833,B
88836,C
88859,C
88861,C
88873,E
88875,B
88894,D
88901,D
88905,C
88909,B
88926,D
88953,B
88963,B
88965,B
88970,C
88992,C
89002,B
89005,C
89008,C
89014,C
89016,C
89025,D
89047,E
89053,A
89067,C
89069,B
89081,A
89093,F
89096,C
89103,C
89109,C
89110,A
89126,B
89131,A
89143,D
89154,C
89155,C
89157,C
89163,B
89167,A
89176,B
89189,B
89198,A
89201,C
89204,D
89215,C
89216,B
89219,B
89226,A
89228,C
89272,A
89273,B
89287,A
89310,B
89316,C
89318,A
89319,D
89322,B
89360,B
89368,B
89369,B
89370,D
89377,B
89385,B
89400,B
89411,B
89412,B
89424,C
89428,D
89438,B
89445,B
89446,B
89448,C
89456,C
89458,B
89464,C
89488,A
89495,A
89498,E
89517,C
89534,B
89544,C
89554,B
89555,C
89577,A
89580,B
89605,B
89610,E
89613,B
89621,B
89629,A
89642,D
89643,D
89662,C
89671,A
89681,C
89692,D
89711,C
89714,B
89716,E
89718,D
89720,B
89721,C
89723,B
89731,A
89732,C
89741,D
89746,A
89747,C
89749,B
89791,B
89805,C
89806,C
89807,D
89814,B
89825,D
89839,B
89863,C
89885,B
89891,B
89896,B
89902,B
89905,C
89911,F
89923,B
89926,B
89963,B
89964,A
89968,A
89972,C
89981,C
89985,B
89989,C
89998,D
90011,D
90026,C
90043,B
90049,A
90063,D
90077,E
90082,A
90126,B
90146,C
90151,B
90152,D
90157,C
90170,C
90172,C
90200,B
90207,B
90210,C
90214,D
90216,A
90221,C
90230,A
90231,C
90236,C
90244,B
90252,C
90256,B
90258,B
90268,B
90289,D
90303,B
90316,A
90339,A
90347,C
90358,D
90381,C
90390,C
90392,B
90398,C
90408,C
90421,B
90432,B
90442,B
90445,C
90448,C
90489,D
90501,A
90532,B
90539,A
90583,C
90588,C
90599,B
90605,C
90611,B
90619,C
90631,A
90635,B
90641,B
90644,C
90650,A
90654,A
90657,A
90693,A
90705,C
90708,B
90709,B
90720,A
90721,E
90725,C
90740,B
90744,A
90745,A
90751,C
90756,C
90779,B
90782,A
90785,D
90797,D
90850,A
90863,C
90872,A
90875,A
90887,D
90903,A
90939,C
90950,B
90953,A
90963,B
90994,C
91001,D
91005,A
91015,C
91016,C
91024,B
91027,C
91045,C
91064,B
91066,B
91067,C
91075,E
91094,D
91096,B
91098,C
91105,C
91110,A
91124,C
91132,B
91140,C
91148,D
91170,C
91173,C
91175,B
91177,D
91181,D
91198,B
91214,C
91223,D
91225,A
91238,D
91249,C
91268,C
91276,C
91286,C
91288,D
91299,C
91302,B
91303,B
91307,B
91314,D
91315,B
91327,B
91348,C
91353,C
91358,B
91375,D
91383,C
91391,B
91412,A
91414,B
91441,D
91449,C
91461,A
91469,A
91470,B
91475,D
91505,D
91508,C
91515,D
91530,F
91533,A
91548,B
91558,C
91562,A
91576,C
91582,B
91590,A
91597,B
91611,C
91613,D
91618,A
91623,B
91637,A
91646,B
91652,C
91672,D
91681,B
91688,D
91698,C
91699,B
91700,C
91701,C
91711,C
91718,C
91740,B
91748,A
91760,D
91768,C
91769,A
91779,C
91783,A
91791,C
91796,B
91798,B
91803,C
91804,B
91810,B
91815,D
91823,C
91832,A
91840,B
91844,B
91851,A
91864,D
91897,B
91902,B
91911,A
91935,B
91939,A
91953,B
91958,B
91959,F
91977,C
92003,A
92009,C
92010,C
92058,C
92064,D
92066,D
92089,B
92128,E
92133,B
92141,D
92151,A
92156,A
92160,A
92163,C
92170,B
92173,B
92192,A
92193,A
92207,B
92215,D
92254,C
92261,C
92268,B
92305,A
92315,C
92333,B
92352,A
92356,B
92358,A
92367,A
92376,B
92400,C
92423,C
92425,B
92442,C
92463,D
92471,B
92475,B
92482,E
92505,A
92510,B
92514,C
92520,D
92521,B
92528,B
92539,A
92540,C
92542,A
92543,A
92547,C
92553,F
92569,B
92578,F
92614,D
92624,A
92658,C
92663,B
92670,A
92685,B
92691,B
92694,A
92695,B
92698,C
92723,B
92734,A
92739,B
92765,C
92768,C
92822,B
92844,A
92851,A
92855,C
92864,B
92868,C
92881,A
92889,D
92893,E
92908,B
92915,C
92919,D
92959,C
92961,B
92966,B
92970,C
92982,B
93011,B
93020,C
93023,B
93027,C
93047,C
93052,C
93063,A
93070,A
93078,A
93086,B
93126,D
93130,C
93142,D
93143,C
93158,B
93163,B
93185,A
93194,F
93219,D
93234,B
93241,B
93249,A
93264,A
93277,D
93282,B
93283,A
93301,C
93303,D
93318,A
93339,C
93347,E
93369,C
93376,B
93379,E
93406,E
93407,C
93412,D
93436,B
93450,C
93458,B
93459,B
93460,C
93464,E
93466,D
93470,B
93475,C
93493,D
93505,B
93510,C
93512,D
93531,B
93537,B
93540,D
93553,B
93555,F
93559,B
93560,C
93574,B
93575,C
93579,D
93582,B
93591,B
93609,C
93613,B
93617,C
93631,C
93636,C
93644,E
93648,A
93649,A
93651,A
93668,D
93669,C
93676,C
93682,C
93686,C
93700,B
93709,B
93729,A
93733,C
93742,C
93744,C
93746,B
93752,B
93755,A
93772,B
93796,A
93800,E
93801,B
93804,B
93810,C
93819,B
93826,A
93844,B
93845,B
93873,C
93902,C
93904,A
93913,D
93921,D
93923,C
93932,C
93943,A
93948,C
93967,A
93974,C
93988,D
93989,C
93994,C
94005,B
94013,A
94027,C
94036,D
94048,A
94058,D
94093,E
94096,B
94107,B
94113,C
94130,B
94166,C
94169,B
94180,E
94183,C
94191,B
94209,D
94215,A
94243,D
94251,B
94259,B
94265,A
94269,E
94297,A
94337,B
94340,D
94342,C
94355,B
94364,B
94365,D
94375,B
94401,D
94411,C
94421,A
94424,A
94431,C
94467,A
94494,D
94496,C
94500,C
94521,A
94528,C
94540,A
94541,A
94553,C
94554,B
94561,B
94578,C
94592,F
94594,D
94600,B
94605,C
94619,B
94623,B
94643,B
94645,C
94665,B
94671,C
94673,A
94678,A
94717,C
94720,D
94723,C
94727,C
94736,C
94740,B
94744,E
94751,C
94754,B
94764,D
94771,C
94777,A
94795,B
94811,C
94846,E
94860,C
94863,D
94872,B
94883,B
94886,D
94889,E
94894,C
94956,D
94964,B
94974,C
94984,C
94999,A
95004,C
95008,A
95025,B
95030,C
95035,A
95051,C
95070,C
95076,B
95095,B
95164,C
95165,B
95172,D
95179,B
95201,D
95208,A
95214,E
95240,B
95265,C
95267,A
95269,B
95271,C
95284,B
95286,B
95287,A
95289,C
95295,B
95305,B
95308,B
95313,B
95323,D
95327,B
95350,B
95363,A
95366,C
95367,A
95380,A
95381,D
95394,C
95400,B
95415,C
95420,B
95442,C
95449,A
95451,C
95452,D
95453,B
95463,C
95464,A
95466,C
95475,A
95479,D
95484,A
95486,D
95501,A
95505,B
95512,B
95552,A
95561,B
95567,D
95572,B
95578,A
95607,B
95608,A
95611,B
95621,D
95624,D
95631,D
95646,B
95653,D
95665,D
95669,E
95676,C
95685,C
95687,C
95690,C
95692,C
95695,C
95696,B
95700,C
95721,B
95722,C
95732,B
95734,B
95740,C
95756,A
95761,B
95766,C
95768,B
95773,B
95774,D
95776,A
95791,B
95828,A
95841,D
95869,E
95898,C
95900,C
95922,C
95925,A
95929,B
95943,D
95950,D
95957,B
95959,D
95967,E
95980,A
95981,B
96017,D
96018,B
96023,C
96040,E
96052,A
96053,C
96063,C
96065,A
96069,C
96072,C
96125,D
96143,B
96146,C
96150,C
96151,C
96155,A
96157,B
96159,B
96161,B
96167,D
96170,A
96187,D
96190,C
96201,B
96217,C
96218,A
96222,D
96229,A
96235,B
96263,B
96271,D
96279,D
96282,C
96306,B
96308,C
96312,C
96328,C
96343,B
96345,B
96350,A
96351,C
96359,D
96391,C
96411,B
96412,C
96427,B
96463,C
96501,B
96508,C
96513,C
96527,B
96528,B
96531,A
96532,C
96533,B
96546,B
96549,B
96550,A
96559,B
96583,E
96608,A
96620,A
96631,C
96669,D
96673,C
96678,D
96696,B
96707,C
96712,B
96747,D
96748,A
96757,C
96758,A
96800,D
96836,B
96843,C
96848,C
96850,C
96853,B
96860,A
96863,D
96868,B
96869,B
96876,B
96879,C
96895,A
96904,D
96911,B
96915,E
96918,B
96924,C
96938,C
96949,C
96950,C
96964,B
96970,C
96979,C
96983,B
96989,D
96993,A
96998,B
97009,C
97051,B
97053,E
97054,D
97060,C
97073,A
97074,D
97086,C
97087,E
97094,A
97100,B
97103,D
97119,E
97131,A
97135,A
97136,A
97138,C
97147,B
97149,C
97153,C
97156,C
97169,E
97177,E
97183,E
97194,A
97204,D
97209,A
97250,C
97266,C
97267,E
97281,B
97282,C
97297,A
97302,D
97304,B
97316,B
97320,B
97327,B
97337,C
97343,C
97350,D
97368,B
97372,C
97416,E
97424,D
97429,C
97437,B
97439,B
97441,D
97454,E
97462,C
97474,A
97489,C
97491,B
97492,D
97495,F
97500,D
97502,C
97510,C
97530,A
97540,A
97541,E
97558,C
97559,C
97562,C
97565,A
97569,C
97571,B
97578,E
97584,D
97585,A
97593,D
97600,D
97616,A
97667,C
97670,B
97692,B
97708,C
97710,C
97718,D
97721,B
97731,B
97739,C
97743,A
97754,D
97773,B
97778,C
97805,C
97810,C
97824,B
97828,B
97833,B
97838,B
97848,B
97866,A
97868,D
97871,A
97879,C
97881,C
97901,C
97902,B
97904,B
97916,C
97941,D
97947,C
97957,C
97964,F
97967,C
97973,C
97980,C
97983,B
97994,B
98012,B
98015,A
98038,C
98053,C
98056,B
98065,C
98066,C
98085,B
98117,C
98119,D
98122,C
98138,A
98149,D
98151,B
98154,C
98171,D
98202,A
98211,C
98213,C
98228,E
98233,B
98236,B
98263,D
98269,A
98278,A
98281,C
98286,A
98299,C
98311,D
98316,C
98335,A
98342,B
98350,B
98361,C
98372,B
98384,E
98389,C
98391,B
98400,B
98410,B
98413,B
98416,D
98421,D
98424,B
98430,C
98442,B
98455,A
98456,B
98460,D
98467,C
98472,C
98482,D
98483,A
98488,A
98502,B
98508,C
98516,E
98519,B
98524,B
98541,C
98551,B
98556,C
98578,C
98580,B
98585,A
98593,E
98594,B
98612,B
98630,A
98634,B
98639,E
98652,C
98656,E
98671,C
98681,A
98700,C
98707,C
98708,A
98719,B
98721,C
98740,D
98741,D
98749,A
98757,A
98763,A
98765,C
98767,E
98771,C
98777,D
98782,E
98787,C
98792,A
98797,C
98809,E
98815,B
98821,D
98834,E
98856,C
98857,D
98861,A
98864,C
98869,E
98881,A
98884,E
98891,A
98896,C
98900,A
98902,A
98904,D
98912,C
98915,D
98930,D
98939,B
98940,C
98941,A
98945,B
98948,E
98950,B
98953,D
98992,C
99016,A
99018,D
99023,C
99027,D
99030,B
99035,C
99037,B
99047,B
99057,C
99075,C
99076,C
99077,C
99094,C
99095,B
99144,B
99158,D
99164,C
99166,B
99170,B
99225,E
99234,B
99248,A
99262,C
99294,D
99298,D
99320,C
99327,B
99340,E
99348,B
99361,C
99363,C
99364,B
99372,C
99386,A
99400,C
99426,A
99430,C
99433,A
99436,B
99440,B
99447,C
99459,C
99466,E
99479,C
99512,A
99515,A
99519,C
99533,D
99546,B
99584,C
99598,F
99669,D
99706,B
99710,A
99726,A
99729,D
99748,A
99756,A
99758,C
99760,A
99761,B
99775,C
99788,B
99880,A
99882,C
99887,E
99889,B
99899,B
99917,E
99935,C
99937,A
99940,B
99942,B
99943,A
99947,B
99950,A
99951,A
99961,C
99981,E
